core_id,region_id,continent
1254_2,region_28,Africa
1361_4,region_28,Africa
17_4,region_28,Africa
36_1,region_28,Africa
37_1,region_28,Africa
37_2,region_28,Africa
9012_1,region_28,Africa
ACA_Acarau Boca_1_1,region_20,S.America
ACA_Acarau Boca_1_2,region_20,S.America
ACA_Acarau Boca_2_1,region_20,S.America
ACA_Acarau Boca_2_2,region_20,S.America
ACA_Acarau Boca_3_1,region_20,S.America
ACA_Acarau Boca_3_2,region_20,S.America
ACA_Acarau Boca_4_1,region_20,S.America
ACA_Acarau Boca_4_2,region_20,S.America
ACA_Acarau Boca_5_1,region_20,S.America
ACA_Acarau Boca_5_2,region_20,S.America
ACA_Acarau Boca_6_1,region_20,S.America
ACA_Acarau Boca_6_2,region_20,S.America
AM_A_1,region_19,Africa
AM_A_2,region_19,Africa
AM_A_3,region_19,Africa
AM_A_4,region_19,Africa
AM_A_5,region_19,Africa
AM_A_6,region_19,Africa
AM_B_3,region_19,Africa
AM_B_4,region_19,Africa
AM_B_5,region_19,Africa
AM_C_1,region_19,Africa
AM_C_2,region_19,Africa
AM_C_3,region_19,Africa
AM_C_4,region_19,Africa
AM_C_6,region_19,Africa
Abu_al_Abyad_3_yr_planted_mangrove_3,region_10,Africa
Abu_al_Abyad_3_yr_planted_mangrove_4,region_10,Africa
Abu_al_Abyad_3_yr_planted_mangrove_5,region_10,Africa
Ajman_al_Zorah_mangrove_1,region_10,Africa
Ajman_al_Zorah_mangrove_2,region_10,Africa
Ajman_al_Zorah_mangrove_3,region_10,Africa
Ajman_al_Zorah_mangrove_4,region_10,Africa
Ajman_al_Zorah_mangrove_6,region_10,Africa
Al_Khor_mangrove_1,region_10,Africa
Al_Khor_mangrove_2,region_10,Africa
Al_Khor_mangrove_3,region_10,Africa
Al_Khor_mangrove_4,region_10,Africa
Al_Khor_mangrove_5,region_10,Africa
Al_Khor_mangrove_6,region_10,Africa
Al_Shalila_mangrove_1,region_10,Africa
Al_Shalila_mangrove_4,region_10,Africa
Al_Shalila_mangrove_5,region_10,Africa
Al_Shalila_mangrove_6,region_10,Africa
Arco_del_Espino_18_1,region_04,N.America
Arco_del_Espino_18_2,region_04,N.America
Arco_del_Espino_18_3,region_04,N.America
Arco_del_Espino_18_4,region_04,N.America
Arco_del_Espino_18_5,region_04,N.America
Arco_del_Espino_18_6,region_04,N.America
"Arguni, Kaimana_PT11_1_1",region_02,Oceania
"Arguni, Kaimana_PT11_2_1",region_02,Oceania
"Arguni, Kaimana_PT11_3_1",region_02,Oceania
"Arguni, Kaimana_PT1_1_1",region_02,Oceania
"Arguni, Kaimana_PT1_2_1",region_02,Oceania
"Arguni, Kaimana_PT1_3_1",region_02,Oceania
"Arguni, Kaimana_PT1_4_1",region_02,Oceania
"Arguni, Kaimana_PT2_1_1",region_02,Oceania
"Arguni, Kaimana_PT2_2_1",region_02,Oceania
"Arguni, Kaimana_PT2_3_1",region_02,Oceania
"Arguni, Kaimana_PT3_1_1",region_02,Oceania
"Arguni, Kaimana_PT3_2_1",region_02,Oceania
"Arguni, Kaimana_PT3_3_1",region_02,Oceania
"Arguni, Kaimana_PT3_4_1",region_02,Oceania
"Arguni, Kaimana_PT4_1_1",region_02,Oceania
"Arguni, Kaimana_PT4_2_1",region_02,Oceania
"Arguni, Kaimana_PT4_3_1",region_02,Oceania
"Arguni, Kaimana_PT5_1_1",region_02,Oceania
"Arguni, Kaimana_PT5_2_1",region_02,Oceania
"Arguni, Kaimana_PT5_3_1",region_02,Oceania
"Arguni, Kaimana_PT5_4_1",region_02,Oceania
"Arguni, Kaimana_PT5_5_1",region_02,Oceania
"Arguni, Kaimana_PT5_6_1",region_02,Oceania
"Arguni, Kaimana_PT6_1_1",region_02,Oceania
"Arguni, Kaimana_PT6_3_1",region_02,Oceania
"Arguni, Kaimana_PT6_5_1",region_02,Oceania
"Arguni, Kaimana_PT6_6_1",region_02,Oceania
"Arguni, Kaimana_PT6_7_1",region_02,Oceania
"Arguni, Kaimana_PT7_1_1",region_02,Oceania
"Arguni, Kaimana_PT7_2_1",region_02,Oceania
"Arguni, Kaimana_PT7_3_1",region_02,Oceania
"Arguni, Kaimana_PT7_5_1",region_02,Oceania
"Arguni, Kaimana_PT7_6_1",region_02,Oceania
"Arguni, Kaimana_PT7_7_1",region_02,Oceania
"Arguni, Kaimana_PT8_1_1",region_02,Oceania
"Arguni, Kaimana_PT9_1_1",region_02,Oceania
"Arguni, Kaimana_PT9_2_1",region_02,Oceania
"Arguni, Kaimana_PT9_4_1",region_02,Oceania
BAN_Dense_Silvofishery_1,region_21,other
BAN_Dense_Silvofishery_2,region_21,other
BAN_Dense_Silvofishery_3,region_21,other
BAN_Dense_Silvofishery_4,region_21,other
BAN_Dense_Silvofishery_5,region_21,other
BAN_Dense_Silvofishery_6,region_21,other
BAN_Fringe_1,region_21,other
BAN_Fringe_2,region_21,other
BAN_Fringe_3,region_21,other
BAN_Interior_1,region_21,other
BAN_Interior_2,region_21,other
BAN_Interior_3,region_21,other
BAN_Pond_1,region_21,other
BAN_Pond_2,region_21,other
BAN_Pond_3,region_21,other
BAN_Pond_4,region_21,other
BAN_Pond_5,region_21,other
BAN_Pond_6,region_21,other
BAN_Sparse_Silvofishery_1,region_21,other
BAN_Sparse_Silvofishery_2,region_21,other
BAN_Sparse_Silvofishery_3,region_21,other
BAO_Baouth_1_1,region_16,Africa
BAO_Baouth_2_1,region_16,Africa
BAO_Baouth_3_1,region_16,Africa
BAO_Baouth_4_1,region_16,Africa
BAO_Baouth_5_1,region_16,Africa
BAO_Baouth_6_1,region_16,Africa
BAR_Rio Barreto_1_1,region_08,S.America
BAR_Rio Barreto_2_1,region_08,S.America
BAR_Rio Barreto_3_1,region_08,S.America
BAR_Rio Barreto_4_1,region_08,S.America
BAR_Rio Barreto_5_1,region_08,S.America
BAR_Rio Barreto_6_1,region_08,S.America
BHI_2GTA_1_1,region_03,Asia
BHI_4TGB_1_1,region_03,Asia
BHI_4TGB_2_1,region_03,Asia
BHI_4TGB_3_1,region_03,Asia
BHI_4TGB_4_1,region_03,Asia
BHI_4TGB_5_1,region_03,Asia
BHI_4TGB_6_1,region_03,Asia
BHI_BK06_1_1,region_03,Asia
BHI_BK06_2_1,region_03,Asia
BHI_BK06_3_1,region_03,Asia
BHI_BK06_4_1,region_03,Asia
BHI_BK06_5_1,region_03,Asia
BHI_BK06_6_1,region_03,Asia
BHI_BK08_4_1,region_03,Asia
BHI_BK08_5_1,region_03,Asia
BHI_BK08_6_1,region_03,Asia
BHI_BK10_1_1,region_03,Asia
BHI_BK10_2_1,region_03,Asia
BHI_BK10_3_1,region_03,Asia
BHI_BK10_4_1,region_03,Asia
BHI_BK10_5_1,region_03,Asia
BHI_BK10_6_1,region_03,Asia
BHI_BK1A_1_1,region_03,Asia
BHI_BK3A_1_1,region_03,Asia
BHI_BK3A_2_1,region_03,Asia
BHI_BK3A_3_1,region_03,Asia
BHI_BK3A_4_1,region_03,Asia
BHI_BK5A_1_1,region_03,Asia
BHI_BK5A_2_1,region_03,Asia
BHI_BK5A_3_1,region_03,Asia
BHI_BK5A_4_1,region_03,Asia
BHI_BK5A_6_1,region_03,Asia
BHI_BK7A_1_1,region_03,Asia
BHI_BK7A_2_1,region_03,Asia
BHI_BK9A_1_1,region_03,Asia
BHI_BK9A_2_1,region_03,Asia
BHI_BK9A_3_1,region_03,Asia
BHI_BK9A_4_1,region_03,Asia
BHI_BK9A_6_1,region_03,Asia
BOC_Boca grande_1_1,region_08,S.America
BOC_Boca grande_2_1,region_08,S.America
BOC_Boca grande_3_1,region_08,S.America
BOC_Boca grande_4_1,region_08,S.America
BOC_Boca grande_5_1,region_08,S.America
BOC_Boca grande_6_1,region_08,S.America
BRM10_1_1,region_03,Asia
BRM10_2_1,region_03,Asia
BRM10_3_1,region_03,Asia
BRM10_4_1,region_03,Asia
BRM10_5_1,region_03,Asia
BRM10_6_1,region_03,Asia
BUN_Bunaken 1_1_1,region_12,Oceania
BUN_Bunaken 2_1_1,region_12,Oceania
BUN_Bunaken 2_2_1,region_12,Oceania
BUN_Bunaken 2_3_1,region_12,Oceania
BUN_Bunaken 2_4_1,region_12,Oceania
BUN_Bunaken 2_5_1,region_12,Oceania
BUN_Bunaken 2_6_1,region_12,Oceania
BUN_Bunaken 3_1_1,region_12,Oceania
BUN_Bunaken 3_2_1,region_12,Oceania
BUN_Bunaken 3_3_1,region_12,Oceania
BUN_Bunaken 3_4_1,region_12,Oceania
BUN_Bunaken 3_5_1,region_12,Oceania
BUN_Bunaken 3_6_1,region_12,Oceania
BUN_Bunaken 4_1_1,region_12,Oceania
BUN_Bunaken 4_2_1,region_12,Oceania
BUN_Bunaken 4_3_1,region_12,Oceania
BUN_Bunaken 4_4_1,region_12,Oceania
BUN_Bunaken 4_5_1,region_12,Oceania
BUN_Bunaken 4_6_1,region_12,Oceania
BUN_Bunaken 5_2_1,region_12,Oceania
BUN_Bunaken 5_3_1,region_12,Oceania
BUN_Bunaken 5_4_1,region_12,Oceania
BUN_Bunaken 5_5_1,region_12,Oceania
BUN_Bunaken 5_6_1,region_12,Oceania
BUN_Bunaken 6_3_1,region_12,Oceania
BUN_Bunaken 6_4_1,region_12,Oceania
BUN_Bunaken 6_5_1,region_12,Oceania
BUN_Bunaken 6_6_1,region_12,Oceania
BWB1B,region_24,N.America
Baja-Bahia Falsa-H1,region_26,N.America
Baja-Bahia Falsa-H2,region_26,N.America
Baja-Bahia Magdalena-II,region_26,N.America
Baja-Bahia Magdalena-III,region_26,N.America
Baja-Buenaventura-1,region_26,N.America
Baja-Buenaventura-2,region_26,N.America
Baja-Buenaventura-4,region_26,N.America
Baja-El Merito I (EMI)-1,region_26,N.America
Baja-El Merito I (EMI)-I,region_26,N.America
Baja-San Jose (SJ)-I,region_26,N.America
Baja-San Jose (SJ)-II,region_26,N.America
Baja-San Jose-1,region_26,N.America
Baja-San Jose-3,region_26,N.America
Batipa_1,region_00,N.America
Batipa_2,region_00,N.America
Batipa_3,region_00,N.America
Batipa_4,region_00,N.America
Batipa_5,region_00,N.America
Batipa_6,region_00,N.America
Bebedero_Manglar_4_1,region_00,N.America
Bebedero_Manglar_4_2,region_00,N.America
Bebedero_Manglar_4_3,region_00,N.America
Bebedero_Manglar_4_4,region_00,N.America
Bebedero_Manglar_4_5,region_00,N.America
Bebedero_Manglar_4_6,region_00,N.America
Big Creek_1_3_mangrove,region_18,N.America
Bintuni_00-01_00-01-01_1,region_02,Oceania
Bintuni_00-01_00-01-03_1,region_02,Oceania
Bintuni_00-01_00-01-05_1,region_02,Oceania
Bintuni_00-02_00-02-01_1,region_02,Oceania
Bintuni_00-02_00-02-03_1,region_02,Oceania
Bintuni_00-02_00-02-05_1,region_02,Oceania
Bintuni_00-03_00-03-01_1,region_02,Oceania
Bintuni_00-03_00-03-03_1,region_02,Oceania
Bintuni_00-03_00-03-05_1,region_02,Oceania
Bintuni_05-01_05-01-01_1,region_02,Oceania
Bintuni_05-01_05-01-03_1,region_02,Oceania
Bintuni_05-01_05-01-05_1,region_02,Oceania
Bintuni_05-02_05-02-01_1,region_02,Oceania
Bintuni_05-02_05-02-03_1,region_02,Oceania
Bintuni_05-02_05-02-05_1,region_02,Oceania
Bintuni_05-03_05-03-01_1,region_02,Oceania
Bintuni_05-03_05-03-03_1,region_02,Oceania
Bintuni_05-03_05-03-05_1,region_02,Oceania
Bintuni_10-01_10-01-01_1,region_02,Oceania
Bintuni_10-01_10-01-03_1,region_02,Oceania
Bintuni_10-01_10-01-05_1,region_02,Oceania
Bintuni_10-02_10-02-02_1,region_02,Oceania
Bintuni_10-02_10-02-04_1,region_02,Oceania
Bintuni_10-02_10-02-06_1,region_02,Oceania
Bintuni_10-03_10-03-01_1,region_02,Oceania
Bintuni_10-03_10-03-03_1,region_02,Oceania
Bintuni_10-03_10-03-05_1,region_02,Oceania
Bintuni_15-01_15-01-01_1,region_02,Oceania
Bintuni_15-01_15-01-03_1,region_02,Oceania
Bintuni_15-01_15-01-05_1,region_02,Oceania
Bintuni_15-02_15-02-01_1,region_02,Oceania
Bintuni_15-02_15-02-03_1,region_02,Oceania
Bintuni_15-02_15-02-05_1,region_02,Oceania
Bintuni_15-03_15-03-01_1,region_02,Oceania
Bintuni_15-03_15-03-03_1,region_02,Oceania
Bintuni_15-03_15-03-05_1,region_02,Oceania
Bintuni_25-01_25-01-01_1,region_02,Oceania
Bintuni_25-01_25-01-03_1,region_02,Oceania
Bintuni_25-01_25-01-05_1,region_02,Oceania
Bintuni_25-02_25-02-01_1,region_02,Oceania
Bintuni_25-02_25-02-03_1,region_02,Oceania
Bintuni_25-02_25-02-05_1,region_02,Oceania
Bintuni_25-03_25-03-01_1,region_02,Oceania
Bintuni_25-03_25-03-03_1,region_02,Oceania
Bintuni_25-03_25-03-05_1,region_02,Oceania
Bintuni_VF-01_VF-01-01_1,region_02,Oceania
Bintuni_VF-01_VF-01-03_1,region_02,Oceania
Bintuni_VF-01_VF-01-05_1,region_02,Oceania
Bintuni_VF-02_VF-02-01_1,region_02,Oceania
Bintuni_VF-02_VF-02-03_1,region_02,Oceania
Bintuni_VF-02_VF-02-05_1,region_02,Oceania
Bintuni_VF-03_VF-03-01_1,region_02,Oceania
Bintuni_VF-03_VF-03-03_1,region_02,Oceania
Bintuni_VF-03_VF-03-05_1,region_02,Oceania
Boca Chica_1_1,region_00,N.America
Boca Chica_1_2,region_00,N.America
Boca Chica_1_3,region_00,N.America
Boca Chica_1_4,region_00,N.America
Boca Chica_1_5,region_00,N.America
Boca Chica_2_1,region_00,N.America
Boca Chica_2_2,region_00,N.America
Boca Chica_2_3,region_00,N.America
Boca Chica_2_4,region_00,N.America
Boca Chica_2_5,region_00,N.America
Boca Chica_3_1,region_00,N.America
Boca Chica_3_2,region_00,N.America
Boca Chica_3_3,region_00,N.America
Boca Chica_3_4,region_00,N.America
Boca Chica_3_5,region_00,N.America
Boca Chica_4_1,region_00,N.America
Boca Chica_4_2,region_00,N.America
Boca Chica_4_3,region_00,N.America
Boca Chica_4_4,region_00,N.America
Boca Chica_4_5,region_00,N.America
Boca Guarumal_1_1,region_00,N.America
Boca Guarumal_1_2,region_00,N.America
Boca Guarumal_1_3,region_00,N.America
Boca Guarumal_1_4,region_00,N.America
Boca Guarumal_1_5,region_00,N.America
Boca Guarumal_2_1,region_00,N.America
Boca Guarumal_2_2,region_00,N.America
Boca Guarumal_2_3,region_00,N.America
Boca Guarumal_2_4,region_00,N.America
Boca Guarumal_2_5,region_00,N.America
Boca Guarumal_3_1,region_00,N.America
Boca Guarumal_3_2,region_00,N.America
Boca Guarumal_3_3,region_00,N.America
Boca Guarumal_3_4,region_00,N.America
Boca Guarumal_3_5,region_00,N.America
Boca Guarumal_4_1,region_00,N.America
Boca Guarumal_4_2,region_00,N.America
Boca Guarumal_4_3,region_00,N.America
Boca Guarumal_4_4,region_00,N.America
Boca Guarumal_4_5,region_00,N.America
Boca Guarumal_5_1,region_00,N.America
Boca Guarumal_5_2,region_00,N.America
Boca Guarumal_5_3,region_00,N.America
Boca Guarumal_5_4,region_00,N.America
Boca Guarumal_5_5,region_00,N.America
Boca Guarumal_6_1,region_00,N.America
Boca Guarumal_6_2,region_00,N.America
Boca Guarumal_6_3,region_00,N.America
Boca Guarumal_6_4,region_00,N.America
Boca Guarumal_6_5,region_00,N.America
Boca Guarumal_7_1,region_00,N.America
Boca Guarumal_7_2,region_00,N.America
Boca Guarumal_7_3,region_00,N.America
Boca Guarumal_7_4,region_00,N.America
Boca Guarumal_7_5,region_00,N.America
Boca Guarumal_8_1,region_00,N.America
Boca Guarumal_8_2,region_00,N.America
Boca Guarumal_8_3,region_00,N.America
Boca Guarumal_8_4,region_00,N.America
Boca Guarumal_8_5,region_00,N.America
Boca Sierpe_1_1,region_00,N.America
Boca Sierpe_1_2,region_00,N.America
Boca Sierpe_1_3,region_00,N.America
Boca Sierpe_1_4,region_00,N.America
Boca Sierpe_1_5,region_00,N.America
Boca Sierpe_2_1,region_00,N.America
Boca Sierpe_2_2,region_00,N.America
Boca Sierpe_2_3,region_00,N.America
Boca Sierpe_2_4,region_00,N.America
Boca Sierpe_2_5,region_00,N.America
Boca Sierpe_3_1,region_00,N.America
Boca Sierpe_3_2,region_00,N.America
Boca Sierpe_3_3,region_00,N.America
Boca Sierpe_3_4,region_00,N.America
Boca Sierpe_3_5,region_00,N.America
Boca Sierpe_4_1,region_00,N.America
Boca Sierpe_4_2,region_00,N.America
Boca Sierpe_4_3,region_00,N.America
Boca Sierpe_4_4,region_00,N.America
Boca Sierpe_4_5,region_00,N.America
Boca Sierpe_5_1,region_00,N.America
Boca Sierpe_5_2,region_00,N.America
Boca Sierpe_5_3,region_00,N.America
Boca Sierpe_5_4,region_00,N.America
Boca Sierpe_5_5,region_00,N.America
Boca Sierpe_6_1,region_00,N.America
Boca Sierpe_6_2,region_00,N.America
Boca Sierpe_6_3,region_00,N.America
Boca Sierpe_6_4,region_00,N.America
Boca Sierpe_6_5,region_00,N.America
Boca Sierpe_7_1,region_00,N.America
Boca Sierpe_7_2,region_00,N.America
Boca Sierpe_7_3,region_00,N.America
Boca Sierpe_7_4,region_00,N.America
Boca Sierpe_7_5,region_00,N.America
Boca Sierpe_8_1,region_00,N.America
Boca Sierpe_8_2,region_00,N.America
Boca Sierpe_8_3,region_00,N.America
Boca Sierpe_8_4,region_00,N.America
Boca Sierpe_8_5,region_00,N.America
Boca Ternero_2,region_00,N.America
Boca Ternero_4,region_00,N.America
Boca Zacate_1_1,region_00,N.America
Boca Zacate_1_2,region_00,N.America
Boca Zacate_1_3,region_00,N.America
Boca Zacate_1_4,region_00,N.America
Boca Zacate_1_5,region_00,N.America
Boca Zacate_2_1,region_00,N.America
Boca Zacate_2_2,region_00,N.America
Boca Zacate_2_3,region_00,N.America
Boca Zacate_2_4,region_00,N.America
Boca Zacate_2_5,region_00,N.America
Boca Zacate_3_1,region_00,N.America
Boca Zacate_3_2,region_00,N.America
Boca Zacate_3_3,region_00,N.America
Boca Zacate_3_4,region_00,N.America
Boca Zacate_3_5,region_00,N.America
Boca Zacate_4_1,region_00,N.America
Boca Zacate_4_2,region_00,N.America
Boca Zacate_4_3,region_00,N.America
Boca Zacate_4_4,region_00,N.America
Boca Zacate_4_5,region_00,N.America
Boca Zacate_5_1,region_00,N.America
Boca Zacate_5_2,region_00,N.America
Boca Zacate_5_3,region_00,N.America
Boca Zacate_5_4,region_00,N.America
Boca Zacate_5_5,region_00,N.America
Boca Zacate_6_1,region_00,N.America
Boca Zacate_6_2,region_00,N.America
Boca Zacate_6_3,region_00,N.America
Boca Zacate_6_4,region_00,N.America
Boca Zacate_6_5,region_00,N.America
Boca Zacate_7_1,region_00,N.America
Boca Zacate_7_2,region_00,N.America
Boca Zacate_7_3,region_00,N.America
Boca Zacate_7_4,region_00,N.America
Boca Zacate_7_5,region_00,N.America
Boca Zacate_8_1,region_00,N.America
Boca Zacate_8_2,region_00,N.America
Boca Zacate_8_3,region_00,N.America
Boca Zacate_8_4,region_00,N.America
Boca Zacate_8_5,region_00,N.America
Boca del Río_1,region_00,N.America
Boca del Río_2,region_00,N.America
Boca del Río_3,region_00,N.America
Boca del Río_4,region_00,N.America
Boca del Río_5,region_00,N.America
Boca del Río_6,region_00,N.America
Boca_de_los_muchachos_28_1,region_04,N.America
Boca_de_los_muchachos_28_2,region_04,N.America
Boca_de_los_muchachos_28_3,region_04,N.America
Boca_de_los_muchachos_28_4,region_04,N.America
Boca_de_los_muchachos_28_5,region_04,N.America
Boca_de_los_muchachos_28_6,region_04,N.America
Bordo_del_Chile_23_1,region_04,N.America
Bordo_del_Chile_23_2,region_04,N.America
Bordo_del_Chile_23_3,region_04,N.America
Bordo_del_Chile_23_4,region_04,N.America
Bordo_del_Chile_23_5,region_04,N.America
Bordo_del_Chile_23_6,region_04,N.America
Buenaventura_Camaronera_2_1,region_00,N.America
Buenaventura_Camaronera_2_2,region_00,N.America
Buenaventura_Camaronera_2_3,region_00,N.America
Buenaventura_Camaronera_3_2,region_00,N.America
Buenaventura_Camaronera_4_2,region_00,N.America
Buenaventura_Camaronera_5_1,region_00,N.America
Buenaventura_Camaronera_5_2,region_00,N.America
Buenaventura_Camaronera_5_3,region_00,N.America
Buenaventura_Manglar_2_1,region_00,N.America
Buenaventura_Manglar_2_2,region_00,N.America
Buenaventura_Manglar_2_3,region_00,N.America
Buenaventura_Manglar_2_4,region_00,N.America
Buenaventura_Manglar_2_5,region_00,N.America
"Buruway, Kaimana_BF1_1_1",region_02,Oceania
"Buruway, Kaimana_BF1_1_2",region_02,Oceania
"Buruway, Kaimana_BF1_2_1",region_02,Oceania
"Buruway, Kaimana_BF1_3_1",region_02,Oceania
"Buruway, Kaimana_BF1_4_1",region_02,Oceania
"Buruway, Kaimana_BF1_6_1",region_02,Oceania
"Buruway, Kaimana_BF2_1_1",region_02,Oceania
"Buruway, Kaimana_BF2_2_1",region_02,Oceania
"Buruway, Kaimana_BF2_3_1",region_02,Oceania
"Buruway, Kaimana_BF2_4_1",region_02,Oceania
"Buruway, Kaimana_BF2_5_1",region_02,Oceania
"Buruway, Kaimana_BF2_6_1",region_02,Oceania
"Buruway, Kaimana_BF3_1_1",region_02,Oceania
"Buruway, Kaimana_BF3_1_2",region_02,Oceania
"Buruway, Kaimana_BF3_2_1",region_02,Oceania
"Buruway, Kaimana_BF3_2_2",region_02,Oceania
"Buruway, Kaimana_BF3_3_1",region_02,Oceania
"Buruway, Kaimana_BF3_3_2",region_02,Oceania
"Buruway, Kaimana_BF4_1_1",region_02,Oceania
"Buruway, Kaimana_BF4_2_1",region_02,Oceania
"Buruway, Kaimana_BF4_3_1",region_02,Oceania
"Buruway, Kaimana_BF4_4_1",region_02,Oceania
"Buruway, Kaimana_BF4_5_1",region_02,Oceania
"Buruway, Kaimana_BF4_6_1",region_02,Oceania
"Buruway, Kaimana_BR1_1_1",region_02,Oceania
"Buruway, Kaimana_BR1_1_2",region_02,Oceania
"Buruway, Kaimana_BR1_2_1",region_02,Oceania
"Buruway, Kaimana_BR1_3_1",region_02,Oceania
"Buruway, Kaimana_BR1_4_1",region_02,Oceania
"Buruway, Kaimana_BR1_4_2",region_02,Oceania
"Buruway, Kaimana_BR2_1_1",region_02,Oceania
"Buruway, Kaimana_BR2_1_2",region_02,Oceania
"Buruway, Kaimana_BR2_2_1",region_02,Oceania
"Buruway, Kaimana_BR2_2_2",region_02,Oceania
"Buruway, Kaimana_BR2_3_1",region_02,Oceania
"Buruway, Kaimana_BR2_3_2",region_02,Oceania
"Buruway, Kaimana_BR2_4_1",region_02,Oceania
"Buruway, Kaimana_BR2_4_2",region_02,Oceania
"Buruway, Kaimana_BR3_1_1",region_02,Oceania
"Buruway, Kaimana_BR3_1_2",region_02,Oceania
"Buruway, Kaimana_BR3_2_1",region_02,Oceania
"Buruway, Kaimana_BR3_2_2",region_02,Oceania
"Buruway, Kaimana_BR3_3_1",region_02,Oceania
"Buruway, Kaimana_BR3_3_2",region_02,Oceania
"Buruway, Kaimana_BR3_4_1",region_02,Oceania
"Buruway, Kaimana_BR3_4_2",region_02,Oceania
"Buruway, Kaimana_BR3_5_1",region_02,Oceania
"Buruway, Kaimana_BR3_5_2",region_02,Oceania
"Buruway, Kaimana_BR3_6_1",region_02,Oceania
"Buruway, Kaimana_BR3_6_2",region_02,Oceania
"Buruway, Kaimana_BR4_1_1",region_02,Oceania
"Buruway, Kaimana_BR4_1_2",region_02,Oceania
"Buruway, Kaimana_BR4_2_1",region_02,Oceania
"Buruway, Kaimana_BR4_2_2",region_02,Oceania
"Buruway, Kaimana_BR4_3_1",region_02,Oceania
"Buruway, Kaimana_BR4_3_2",region_02,Oceania
"Buruway, Kaimana_BR4_4_1",region_02,Oceania
"Buruway, Kaimana_BR4_4_2",region_02,Oceania
"Buruway, Kaimana_BR4_5_1",region_02,Oceania
"Buruway, Kaimana_BR4_5_2",region_02,Oceania
"Buruway, Kaimana_BR4_6_1",region_02,Oceania
"Buruway, Kaimana_BR4_6_2",region_02,Oceania
C24,region_06,other
C26,region_06,other
C41,region_06,other
C42,region_06,other
C43,region_06,other
C45,region_06,other
C49,region_06,other
CAET_Caete_1_1,region_08,S.America
CAET_Caete_2_1,region_08,S.America
CAET_Caete_3_1,region_08,S.America
CAET_Caete_4_1,region_08,S.America
CAET_Caete_5_1,region_08,S.America
CAET_Caete_6_1,region_08,S.America
CAE_Caetano_1_1,region_08,S.America
CAE_Caetano_2_1,region_08,S.America
CAE_Caetano_3_1,region_08,S.America
CAE_Caetano_4_1,region_08,S.America
CAE_Caetano_5_1,region_08,S.America
CAE_Caetano_6_1,region_08,S.America
CAN_J13_P1_1,region_01,Asia
CAN_J13_P2_1,region_01,Asia
CAN_J13_P5_1,region_01,Asia
CAN_J13_P6_1,region_01,Asia
CAN_J14_P1_1,region_01,Asia
CAN_J14_P2_1,region_01,Asia
CAN_J14_P3_1,region_01,Asia
CAN_J14_P4_1,region_01,Asia
CAN_J14_P5_1,region_01,Asia
CAN_J14_P6_1,region_01,Asia
CAN_R13_P1_1,region_01,Asia
CAN_R13_P2_1,region_01,Asia
CAN_R13_P3_1,region_01,Asia
CAN_R13_P4_1,region_01,Asia
CAN_R13_P5_1,region_01,Asia
CAN_R13_P6_1,region_01,Asia
CAN_R14_P1_1,region_01,Asia
CAN_R14_P2_1,region_01,Asia
CAN_R14_P3_1,region_01,Asia
CAN_R14_P4_1,region_01,Asia
CAN_R14_P5_1,region_01,Asia
CAN_R14_P6_1,region_01,Asia
CAN_S13_P1_1,region_01,Asia
CAN_S13_P2_1,region_01,Asia
CAN_S13_P3_1,region_01,Asia
CAN_S13_P4_1,region_01,Asia
CAN_S13_P5_1,region_01,Asia
CAN_S13_P6_1,region_01,Asia
CAN_S14_P1_1,region_01,Asia
CAN_S14_P2_1,region_01,Asia
CAN_S14_P3_1,region_01,Asia
CAN_S14_P4_1,region_01,Asia
CAN_S14_P5_1,region_01,Asia
CAN_S14_P6_1,region_01,Asia
CAS_1_1,region_03,Asia
CAS_1_2,region_03,Asia
CAS_2_1,region_03,Asia
CAS_2_2,region_03,Asia
CAS_3_1,region_03,Asia
CAS_3_2,region_03,Asia
CAS_6_1,region_03,Asia
CAS_6_2,region_03,Asia
CAU_LS_Cauassu Leste Shrimp_4_2,region_03,Asia
CAU_LS_Cauassu Leste Shrimp_5_2,region_03,Asia
CAU_LS_Cauassu Leste Shrimp_6_2,region_03,Asia
CAU_LS_Cauassu Oeste Shrimp_1_1,region_03,Asia
CAU_LS_Cauassu Oeste Shrimp_1_2,region_03,Asia
CAU_LS_Cauassu Oeste Shrimp_2_1,region_03,Asia
CA__J18_P1_1,region_01,Asia
CA__J18_P1_2,region_01,Asia
CA__J18_P2_1,region_01,Asia
CA__J18_P2_2,region_01,Asia
CA__J18_P3_1,region_01,Asia
CA__J18_P3_2,region_01,Asia
CA__J18_P4_1,region_01,Asia
CA__J18_P4_2,region_01,Asia
CA__J18_P5_1,region_01,Asia
CA__J18_P5_2,region_01,Asia
CA__J18_P6_1,region_01,Asia
CA__J18_P6_2,region_01,Asia
CA__J19_P1_1,region_01,Asia
CA__J19_P1_2,region_01,Asia
CA__J19_P2_1,region_01,Asia
CA__J19_P2_2,region_01,Asia
CA__J19_P3_1,region_01,Asia
CA__J19_P3_2,region_01,Asia
CA__J19_P4_1,region_01,Asia
CA__J19_P4_2,region_01,Asia
CA__J19_P5_1,region_01,Asia
CA__J19_P5_2,region_01,Asia
CA__J19_P6_1,region_01,Asia
CA__J19_P6_2,region_01,Asia
CA__J20_P1_1,region_01,Asia
CA__J20_P1_2,region_01,Asia
CA__J20_P2_1,region_01,Asia
CA__J20_P2_2,region_01,Asia
CA__J20_P3_1,region_01,Asia
CA__J20_P3_2,region_01,Asia
CA__J20_P4_1,region_01,Asia
CA__J20_P4_2,region_01,Asia
CA__J20_P5_1,region_01,Asia
CA__J20_P5_2,region_01,Asia
CA__J20_P6_1,region_01,Asia
CA__J20_P6_2,region_01,Asia
CA__R18_P1_1,region_01,Asia
CA__R18_P1_2,region_01,Asia
CA__R18_P2_1,region_01,Asia
CA__R18_P2_2,region_01,Asia
CA__R18_P3_1,region_01,Asia
CA__R18_P3_2,region_01,Asia
CA__R18_P4_1,region_01,Asia
CA__R18_P4_2,region_01,Asia
CA__R18_P5_1,region_01,Asia
CA__R18_P5_2,region_01,Asia
CA__R18_P6_1,region_01,Asia
CA__R18_P6_2,region_01,Asia
CA__R19_P1_1,region_01,Asia
CA__R19_P1_2,region_01,Asia
CA__R19_P2_1,region_01,Asia
CA__R19_P2_2,region_01,Asia
CA__R19_P3_1,region_01,Asia
CA__R19_P3_2,region_01,Asia
CA__R19_P4_1,region_01,Asia
CA__R19_P4_2,region_01,Asia
CA__R19_P5_1,region_01,Asia
CA__R19_P5_2,region_01,Asia
CA__R19_P6_1,region_01,Asia
CA__R19_P6_2,region_01,Asia
CA__R20_P1_1,region_01,Asia
CA__R20_P1_2,region_01,Asia
CA__R20_P2_1,region_01,Asia
CA__R20_P2_2,region_01,Asia
CA__R20_P3_1,region_01,Asia
CA__R20_P3_2,region_01,Asia
CA__R20_P4_1,region_01,Asia
CA__R20_P4_2,region_01,Asia
CA__R20_P5_1,region_01,Asia
CA__R20_P5_2,region_01,Asia
CA__R20_P6_1,region_01,Asia
CA__R20_P6_2,region_01,Asia
CA__S18_P1_1,region_01,Asia
CA__S18_P1_2,region_01,Asia
CA__S18_P2_1,region_01,Asia
CA__S18_P2_2,region_01,Asia
CA__S18_P3_1,region_01,Asia
CA__S18_P3_2,region_01,Asia
CA__S18_P4_1,region_01,Asia
CA__S18_P4_2,region_01,Asia
CA__S18_P5_1,region_01,Asia
CA__S18_P5_2,region_01,Asia
CA__S18_P6_1,region_01,Asia
CA__S18_P6_2,region_01,Asia
CA__S19_P1_1,region_01,Asia
CA__S19_P1_2,region_01,Asia
CA__S19_P2_1,region_01,Asia
CA__S19_P2_2,region_01,Asia
CA__S19_P3_1,region_01,Asia
CA__S19_P3_2,region_01,Asia
CA__S19_P4_1,region_01,Asia
CA__S19_P4_2,region_01,Asia
CA__S19_P5_1,region_01,Asia
CA__S19_P5_2,region_01,Asia
CA__S19_P6_1,region_01,Asia
CA__S19_P6_2,region_01,Asia
CA__S20_P1_1,region_01,Asia
CA__S20_P1_2,region_01,Asia
CA__S20_P2_1,region_01,Asia
CA__S20_P2_2,region_01,Asia
CA__S20_P3_1,region_01,Asia
CA__S20_P3_2,region_01,Asia
CA__S20_P4_1,region_01,Asia
CA__S20_P4_2,region_01,Asia
CA__S20_P5_1,region_01,Asia
CA__S20_P5_2,region_01,Asia
CA__S20_P6_1,region_01,Asia
CA__S20_P6_2,region_01,Asia
CBM2,region_24,N.America
CCB1,region_24,N.America
CH_03NE,region_24,N.America
CH_03SW,region_24,N.America
CIL_Cilacap 1_1_1,region_03,Asia
CIL_Cilacap 1_2_1,region_03,Asia
CIL_Cilacap 1_3_1,region_03,Asia
CIL_Cilacap 1_4_1,region_03,Asia
CIL_Cilacap 1_5_1,region_03,Asia
CIL_Cilacap 1_6_1,region_03,Asia
CIL_Cilacap 2_1_1,region_03,Asia
CIL_Cilacap 2_2_1,region_03,Asia
CIL_Cilacap 2_3_1,region_03,Asia
CIL_Cilacap 2_4_1,region_03,Asia
CIL_Cilacap 2_5_1,region_03,Asia
CIL_Cilacap 2_6_1,region_03,Asia
CR-D-5,region_00,N.America
CUM_LC_Cumbe Leste Camaro_1_1,region_03,Asia
CUM_LC_Cumbe Leste Camaro_1_2,region_03,Asia
CUM_LC_Cumbe Leste Camaro_2_1,region_03,Asia
CUM_LC_Cumbe Leste Camaro_2_2,region_03,Asia
CUM_LC_Cumbe Leste Camaro_3_1,region_03,Asia
CUM_LC_Cumbe Leste Camaro_3_2,region_03,Asia
CUM_LC_Cumbe Leste Camaro_4_1,region_03,Asia
CUM_LC_Cumbe Leste Camaro_4_2,region_03,Asia
CUM_LC_Cumbe Leste Camaro_5_1,region_03,Asia
CUM_LC_Cumbe Leste Camaro_5_2,region_03,Asia
CUM_LC_Cumbe Leste Camaro_6_1,region_03,Asia
CUM_LC_Cumbe Leste Camaro_6_2,region_03,Asia
CUM_NC_Cumbe Norte Camarao_1_1,region_03,Asia
CUM_NC_Cumbe Norte Camarao_1_2,region_03,Asia
CUM_NC_Cumbe Norte Camarao_2_1,region_03,Asia
CUM_NC_Cumbe Norte Camarao_2_2,region_03,Asia
CUM_NC_Cumbe Norte Camarao_3_1,region_03,Asia
CUM_NC_Cumbe Norte Camarao_3_2,region_03,Asia
CUM_NC_Cumbe Norte Camarao_4_1,region_03,Asia
CUM_NC_Cumbe Norte Camarao_4_2,region_03,Asia
CUM_NC_Cumbe Norte Camarao_5_1,region_03,Asia
CUM_NC_Cumbe Norte Camarao_5_2,region_03,Asia
CUM_NC_Cumbe Norte Camarao_6_1,region_03,Asia
CUM_NC_Cumbe Norte Camarao_6_2,region_03,Asia
Channel Caye_1_2_mangrove,region_18,N.America
Channel Caye_1_6_mangrove,region_18,N.America
Channel Caye_2_4_mangrove,region_18,N.America
Channel Caye_2_5_mangrove,region_18,N.America
Channel Caye_2_6_mangrove,region_18,N.America
Colorado_Manglar_1_1,region_00,N.America
Colorado_Manglar_1_2,region_00,N.America
Colorado_Manglar_1_3,region_00,N.America
Colorado_Manglar_1_4,region_00,N.America
Colorado_Manglar_1_5,region_00,N.America
Colorado_Manglar_1_6,region_00,N.America
DEM_MF0_1_1_1,region_06,Oceania
DEM_MF0_1_2_1,region_06,Oceania
DEM_MF0_1_3_1,region_06,Oceania
DEM_MF0_1_4_1,region_06,Oceania
DEM_MF0_1_5_1,region_06,Oceania
DEM_MF0_1_6_1,region_06,Oceania
DEM_MF0_2_1_1,region_06,Oceania
DEM_MF0_2_2_1,region_06,Oceania
DEM_MF0_2_3_1,region_06,Oceania
DEM_MF0_2_4_1,region_06,Oceania
DEM_MF0_2_5_1,region_06,Oceania
DEM_MF0_2_6_1,region_06,Oceania
DEM_MF0_3_1_1,region_06,Oceania
DEM_MF0_3_2_1,region_06,Oceania
DEM_MF0_3_3_1,region_06,Oceania
DEM_MF0_3_4_1,region_06,Oceania
DEM_MF0_3_5_1,region_06,Oceania
DEM_MF0_3_6_1,region_06,Oceania
DIA_Diamniadio_1_1,region_16,Africa
DIA_Diamniadio_2_1,region_16,Africa
DIA_Diamniadio_3_1,region_16,Africa
DIA_Diamniadio_4_1,region_16,Africa
DIA_Diamniadio_5_1,region_16,Africa
DIA_Diamniadio_6_1,region_16,Africa
DJI_Djirnda_1_1,region_16,Africa
DJI_Djirnda_2_1,region_16,Africa
DJI_Djirnda_3_1,region_16,Africa
DJI_Djirnda_4_1,region_16,Africa
DJI_Djirnda_5_1,region_16,Africa
DJI_Djirnda_6_1,region_16,Africa
Desembocadura_Río_Lempa_1_1,region_04,N.America
Desembocadura_Río_Lempa_1_2,region_04,N.America
Desembocadura_Río_Lempa_1_3,region_04,N.America
Desembocadura_Río_Lempa_1_4,region_04,N.America
Desembocadura_Río_Lempa_1_5,region_04,N.America
Desembocadura_Río_Lempa_1_6,region_04,N.America
Drowned Caye_2_5_mangrove,region_18,N.America
E16,region_06,other
E40,region_06,other
E44,region_06,other
E46,region_06,other
E47,region_06,other
El Represo_1,region_00,N.America
El Represo_2,region_00,N.America
El Represo_3,region_00,N.America
El Represo_4,region_00,N.America
El Represo_5,region_00,N.America
El Represo_6,region_00,N.America
El Río_1,region_00,N.America
El Río_2,region_00,N.America
El Río_3,region_00,N.America
El Río_4,region_00,N.America
El Río_5,region_00,N.America
El Río_6,region_00,N.America
El_Espino_6_1,region_04,N.America
El_Espino_6_2,region_04,N.America
El_Espino_6_3,region_04,N.America
El_Espino_6_4,region_04,N.America
El_Espino_6_5,region_04,N.America
El_Espino_6_6,region_04,N.America
El_Jobal_27_1,region_04,N.America
El_Jobal_27_2,region_04,N.America
El_Jobal_27_3,region_04,N.America
El_Jobal_27_4,region_04,N.America
El_Jobal_27_5,region_04,N.America
El_Jobal_27_6,region_04,N.America
El_Jobal_9_1,region_04,N.America
El_Jobal_9_2,region_04,N.America
El_Jobal_9_3,region_04,N.America
El_Jobal_9_4,region_04,N.America
El_Jobal_9_5,region_04,N.America
El_Jobal_9_6,region_04,N.America
El_Llorón_7_1,region_04,N.America
El_Llorón_7_2,region_04,N.America
El_Llorón_7_3,region_04,N.America
El_Llorón_7_4,region_04,N.America
El_Llorón_7_5,region_04,N.America
El_Llorón_7_6,region_04,N.America
El_Matocho_23_1,region_04,N.America
El_Matocho_23_4,region_04,N.America
El_Rajado_3_1,region_04,N.America
El_Rajado_3_2,region_04,N.America
El_Rajado_3_3,region_04,N.America
El_Rajado_3_4,region_04,N.America
El_Rajado_3_5,region_04,N.America
El_Rajado_3_6,region_04,N.America
El_Resedo_Ánimas_abajo_10_1,region_04,N.America
El_Resedo_Ánimas_abajo_10_2,region_04,N.America
El_Resedo_Ánimas_abajo_10_3,region_04,N.America
El_Resedo_Ánimas_abajo_10_4,region_04,N.America
El_Resedo_Ánimas_abajo_10_5,region_04,N.America
El_Resedo_Ánimas_abajo_10_6,region_04,N.America
El_Zamorancito_31_2,region_04,N.America
El_Zamorancito_31_5,region_04,N.America
El_Zamorancito_31_6,region_04,N.America
"Etna, Kaimana_EF1_1_1",region_02,Oceania
"Etna, Kaimana_EF1_1_2",region_02,Oceania
"Etna, Kaimana_EF1_2_1",region_02,Oceania
"Etna, Kaimana_EF1_2_2",region_02,Oceania
"Etna, Kaimana_EF1_3_1",region_02,Oceania
"Etna, Kaimana_EF1_3_2",region_02,Oceania
"Etna, Kaimana_EF1_4_1",region_02,Oceania
"Etna, Kaimana_EF1_4_2",region_02,Oceania
"Etna, Kaimana_EF1_5_1",region_02,Oceania
"Etna, Kaimana_EF1_5_2",region_02,Oceania
"Etna, Kaimana_EF1_6_1",region_02,Oceania
"Etna, Kaimana_EF1_6_2",region_02,Oceania
"Etna, Kaimana_EF2_1_1",region_02,Oceania
"Etna, Kaimana_EF2_1_2",region_02,Oceania
"Etna, Kaimana_EF2_5_1",region_02,Oceania
"Etna, Kaimana_EF2_5_2",region_02,Oceania
"Etna, Kaimana_EF2_6_1",region_02,Oceania
"Etna, Kaimana_EF2_6_2",region_02,Oceania
"Etna, Kaimana_EF3_1_1",region_02,Oceania
"Etna, Kaimana_EF3_1_2",region_02,Oceania
"Etna, Kaimana_EF3_2_1",region_02,Oceania
"Etna, Kaimana_EF3_2_2",region_02,Oceania
"Etna, Kaimana_EF3_3_1",region_02,Oceania
"Etna, Kaimana_EF3_3_2",region_02,Oceania
"Etna, Kaimana_EF3_4_1",region_02,Oceania
"Etna, Kaimana_EF3_4_2",region_02,Oceania
"Etna, Kaimana_EF3_5_1",region_02,Oceania
"Etna, Kaimana_EF3_5_2",region_02,Oceania
"Etna, Kaimana_EF3_6_1",region_02,Oceania
"Etna, Kaimana_EF3_6_2",region_02,Oceania
"Etna, Kaimana_EF4_1_1",region_02,Oceania
"Etna, Kaimana_EF4_1_2",region_02,Oceania
"Etna, Kaimana_EF4_2_1",region_02,Oceania
"Etna, Kaimana_EF4_2_2",region_02,Oceania
"Etna, Kaimana_EF4_3_1",region_02,Oceania
"Etna, Kaimana_EF4_4_1",region_02,Oceania
"Etna, Kaimana_EF4_4_2",region_02,Oceania
"Etna, Kaimana_EF5_1_1",region_02,Oceania
"Etna, Kaimana_EF5_1_2",region_02,Oceania
"Etna, Kaimana_EF5_2_1",region_02,Oceania
"Etna, Kaimana_EF5_2_2",region_02,Oceania
"Etna, Kaimana_EF5_3_1",region_02,Oceania
"Etna, Kaimana_EF5_3_2",region_02,Oceania
"Etna, Kaimana_EF5_4_1",region_02,Oceania
"Etna, Kaimana_EF5_4_2",region_02,Oceania
"Etna, Kaimana_EF5_5_1",region_02,Oceania
"Etna, Kaimana_EF5_5_2",region_02,Oceania
"Etna, Kaimana_EF5_6_1",region_02,Oceania
"Etna, Kaimana_ER1_1_1",region_02,Oceania
"Etna, Kaimana_ER1_1_2",region_02,Oceania
"Etna, Kaimana_ER1_2_1",region_02,Oceania
"Etna, Kaimana_ER1_2_2",region_02,Oceania
"Etna, Kaimana_ER1_3_1",region_02,Oceania
"Etna, Kaimana_ER1_3_2",region_02,Oceania
"Etna, Kaimana_ER1_4_1",region_02,Oceania
"Etna, Kaimana_ER1_4_2",region_02,Oceania
"Etna, Kaimana_ER1_5_1",region_02,Oceania
"Etna, Kaimana_ER1_5_2",region_02,Oceania
"Etna, Kaimana_ER1_6_1",region_02,Oceania
"Etna, Kaimana_ER1_6_2",region_02,Oceania
"Etna, Kaimana_ER2_1_1",region_02,Oceania
"Etna, Kaimana_ER2_1_2",region_02,Oceania
"Etna, Kaimana_ER2_2_1",region_02,Oceania
"Etna, Kaimana_ER2_2_2",region_02,Oceania
"Etna, Kaimana_ER2_3_1",region_02,Oceania
"Etna, Kaimana_ER2_3_2",region_02,Oceania
"Etna, Kaimana_ER2_4_1",region_02,Oceania
"Etna, Kaimana_ER2_4_2",region_02,Oceania
"Etna, Kaimana_ER2_5_1",region_02,Oceania
"Etna, Kaimana_ER2_5_2",region_02,Oceania
"Etna, Kaimana_ER2_6_1",region_02,Oceania
"Etna, Kaimana_ER2_6_2",region_02,Oceania
"Etna, Kaimana_ER3_1_1",region_02,Oceania
"Etna, Kaimana_ER3_1_2",region_02,Oceania
"Etna, Kaimana_ER3_2_1",region_02,Oceania
"Etna, Kaimana_ER3_2_2",region_02,Oceania
"Etna, Kaimana_ER3_3_1",region_02,Oceania
"Etna, Kaimana_ER3_3_2",region_02,Oceania
"Etna, Kaimana_ER3_4_1",region_02,Oceania
"Etna, Kaimana_ER3_4_2",region_02,Oceania
"Etna, Kaimana_ER4_1_1",region_02,Oceania
"Etna, Kaimana_ER4_1_2",region_02,Oceania
"Etna, Kaimana_ER4_2_1",region_02,Oceania
"Etna, Kaimana_ER4_2_2",region_02,Oceania
"Etna, Kaimana_ER4_3_1",region_02,Oceania
"Etna, Kaimana_ER4_3_2",region_02,Oceania
"Etna, Kaimana_ER4_4_1",region_02,Oceania
"Etna, Kaimana_ER4_4_2",region_02,Oceania
"Etna, Kaimana_ER4_5_1",region_02,Oceania
"Etna, Kaimana_ER4_5_2",region_02,Oceania
FAM_Fambine_1_1,region_16,Africa
FAM_Fambine_2_1,region_16,Africa
FAM_Fambine_3_1,region_16,Africa
FAM_Fambine_4_1,region_16,Africa
FAM_Fambine_5_1,region_16,Africa
FAM_Fambine_6_1,region_16,Africa
FURO_Furo Grande_1_1,region_08,S.America
FURO_Furo Grande_2_1,region_08,S.America
FURO_Furo Grande_3_1,region_08,S.America
FURO_Furo Grande_4_1,region_08,S.America
FURO_Furo Grande_5_1,region_08,S.America
FURO_Furo Grande_6_1,region_08,S.America
FUR_Furo de Chato_1_1,region_08,S.America
FUR_Furo de Chato_2_1,region_08,S.America
FUR_Furo de Chato_4_1,region_08,S.America
FUR_Furo de Chato_5_1,region_08,S.America
FUR_Furo de Chato_6_1,region_08,S.America
Frenchman Caye_2_5_mangrove,region_18,N.America
HHM3,region_24,N.America
HHM4,region_24,N.America
HHM5,region_24,N.America
Isla Chira_Camaronera_6_1,region_00,N.America
Isla Chira_Camaronera_6_3,region_00,N.America
Isla Chira_Manglar_8_1,region_00,N.America
Isla Chira_Manglar_8_2,region_00,N.America
Isla Chira_Manglar_8_3,region_00,N.America
Isla Chira_Manglar_8_4,region_00,N.America
Isla Chira_Manglar_8_5,region_00,N.America
Isla Chira_Manglar_8_6,region_00,N.America
Isla Chira_Manglar_9_1,region_00,N.America
Isla Chira_Manglar_9_2,region_00,N.America
Isla Chira_Manglar_9_3,region_00,N.America
Isla Chira_Manglar_9_4,region_00,N.America
Isla Chira_Manglar_9_5,region_00,N.America
Isla Chira_Manglar_9_6,region_00,N.America
Isla Chira_Salinera_1_1,region_00,N.America
Isla Chira_Salinera_1_2,region_00,N.America
Isla Chira_Salinera_1_3,region_00,N.America
Isla Chira_Salinera_2_2,region_00,N.America
Isla Chira_Salinera_2_3,region_00,N.America
Isla Mono_1,region_00,N.America
Isla Mono_2,region_00,N.America
Isla Mono_3,region_00,N.America
Isla Mono_4,region_00,N.America
Isla Mono_5,region_00,N.America
Isla Mono_6,region_00,N.America
Isla_Tortuga_26_1,region_04,N.America
Isla_Tortuga_26_2,region_04,N.America
Isla_Tortuga_26_3,region_04,N.America
Isla_Tortuga_26_4,region_04,N.America
Isla_Tortuga_26_5,region_04,N.America
Isla_Tortuga_26_6,region_04,N.America
JAR_1_1,region_03,Asia
JAR_1_2,region_03,Asia
JAR_2_1,region_03,Asia
JAR_2_2,region_03,Asia
JAR_3_1,region_03,Asia
JAR_3_2,region_03,Asia
JAR_4_1,region_03,Asia
JAR_4_2,region_03,Asia
JAR_5_1,region_03,Asia
JAR_5_2,region_03,Asia
JAR_6_1,region_03,Asia
JAR_6_2,region_03,Asia
Jesús_Manglar_5_1,region_00,N.America
Jesús_Manglar_5_2,region_00,N.America
Jesús_Manglar_5_3,region_00,N.America
Jesús_Manglar_5_4,region_00,N.America
Jesús_Manglar_5_5,region_00,N.America
Jesús_Manglar_5_6,region_00,N.America
Jicaral_Camaronera_10_1,region_00,N.America
Jicaral_Camaronera_10_2,region_00,N.America
Jicaral_Camaronera_10_3,region_00,N.America
Jicaral_Camaronera_9_1,region_00,N.America
Jicaral_Camaronera_9_2,region_00,N.America
Jicaral_Camaronera_9_3,region_00,N.America
Jicaral_Manglar_12_1,region_00,N.America
Jicaral_Manglar_12_2,region_00,N.America
Jicaral_Manglar_12_3,region_00,N.America
Jicaral_Manglar_12_4,region_00,N.America
Jicaral_Manglar_12_5,region_00,N.America
Jicaral_Manglar_12_6,region_00,N.America
Jubail_Island_mangrove_1,region_10,Africa
Jubail_Island_mangrove_2,region_10,Africa
Jubail_Island_mangrove_3,region_10,Africa
Jubail_Island_mangrove_4,region_10,Africa
Jubail_Island_mangrove_5,region_10,Africa
Jubail_Island_mangrove_6,region_10,Africa
KA_A_1,region_19,Africa
KA_A_2,region_19,Africa
KA_A_3,region_19,Africa
KA_A_4,region_19,Africa
KA_A_5,region_19,Africa
KA_A_6,region_19,Africa
KA_B_1,region_19,Africa
KA_B_2,region_19,Africa
KA_B_3,region_19,Africa
KA_B_4,region_19,Africa
KA_B_5,region_19,Africa
KA_C_1,region_19,Africa
KA_C_3,region_19,Africa
KA_C_4,region_19,Africa
KA_C_5,region_19,Africa
KA_C_6,region_19,Africa
KBR_Kubu Raya 1_1_1,region_13,other
KBR_Kubu Raya 1_2_1,region_13,other
KBR_Kubu Raya 1_3_1,region_13,other
KBR_Kubu Raya 1_4_1,region_13,other
KBR_Kubu Raya 1_5_1,region_13,other
KBR_Kubu Raya 1_6_1,region_13,other
KBR_Kubu Raya 2_1_1,region_13,other
KBR_Kubu Raya 2_2_1,region_13,other
KBR_Kubu Raya 2_3_1,region_13,other
KBR_Kubu Raya 2_4_1,region_13,other
KBR_Kubu Raya 2_5_1,region_13,other
KBR_Kubu Raya 2_6_1,region_13,other
KBR_Kubu Raya 3_1_1,region_13,other
KBR_Kubu Raya 3_2_1,region_13,other
KBR_Kubu Raya 3_3_1,region_13,other
KBR_Kubu Raya 3_4_1,region_13,other
KBR_Kubu Raya 3_5_1,region_13,other
KBR_Kubu Raya 3_6_1,region_13,other
KBR_Kubu Raya 4_1_1,region_13,other
KBR_Kubu Raya 4_2_1,region_13,other
KBR_Kubu Raya 4_3_1,region_13,other
KBR_Kubu Raya 4_4_1,region_13,other
KBR_Kubu Raya 4_5_1,region_13,other
KBR_Kubu Raya 4_6_1,region_13,other
KBR_Kubu Raya 5_1_1,region_13,other
KBR_Kubu Raya 5_2_1,region_13,other
KBR_Kubu Raya 5_3_1,region_13,other
KBR_Kubu Raya 5_4_1,region_13,other
KBR_Kubu Raya 5_5_1,region_13,other
KBR_Kubu Raya 5_6_1,region_13,other
KBR_Kubu Raya 6_1_1,region_13,other
KBR_Kubu Raya 6_2_1,region_13,other
KBR_Kubu Raya 6_3_1,region_13,other
KBR_Kubu Raya 6_4_1,region_13,other
KBR_Kubu Raya 6_5_1,region_13,other
KBR_Kubu Raya 6_6_1,region_13,other
KBR_Kubu Raya 7_1_1,region_13,other
KBR_Kubu Raya 7_2_1,region_13,other
KBR_Kubu Raya 7_3_1,region_13,other
KBR_Kubu Raya 7_4_1,region_13,other
KBR_Kubu Raya 7_5_1,region_13,other
KBR_Kubu Raya 7_6_1,region_13,other
Kaimana City_KK1_1_1,region_02,Oceania
Kaimana City_KK1_1_2,region_02,Oceania
Kaimana City_KK1_2_1,region_02,Oceania
Kaimana City_KK1_3_1,region_02,Oceania
Kaimana City_KK2_3_1,region_02,Oceania
Kaimana City_KK3_1_1,region_02,Oceania
Kaimana City_KK3_1_2,region_02,Oceania
Kalba_East_mangrove_1,region_10,Africa
Kalba_East_mangrove_2,region_10,Africa
Kalba_East_mangrove_3,region_10,Africa
Kalba_East_mangrove_4,region_10,Africa
Kalba_East_mangrove_5,region_10,Africa
Kalba_East_mangrove_6,region_10,Africa
Kalba_North_mangrove_1,region_10,Africa
Kalba_North_mangrove_2,region_10,Africa
Kalba_North_mangrove_3,region_10,Africa
Kalba_North_mangrove_4,region_10,Africa
Kalba_North_mangrove_5,region_10,Africa
Kalba_North_mangrove_6,region_10,Africa
Kalba_South_mangrove_1,region_10,Africa
Kalba_South_mangrove_2,region_10,Africa
Kalba_South_mangrove_3,region_10,Africa
Kalba_South_mangrove_4,region_10,Africa
Kalba_South_mangrove_6,region_10,Africa
Kalba_West_mangrove_1,region_10,Africa
Kalba_West_mangrove_2,region_10,Africa
Kalba_West_mangrove_3,region_10,Africa
Kalba_West_mangrove_4,region_10,Africa
Kalba_West_mangrove_5,region_10,Africa
Kalba_West_mangrove_6,region_10,Africa
Koh_Kohng_131_355,region_01,Asia
Koh_Kohng_131_356,region_01,Asia
Koh_Kohng_131_357,region_01,Asia
Koh_Kohng_131_358,region_01,Asia
Koh_Kohng_132_361,region_01,Asia
Koh_Kohng_133_362,region_01,Asia
Koh_Kohng_133_364,region_05,Asia
Koh_Kohng_134_365,region_01,Asia
Koh_Kohng_134_367,region_01,Asia
Koh_Kohng_134_368,region_01,Asia
Koh_Kohng_134_369,region_01,Asia
Koh_Kohng_135_370,region_01,Asia
Koh_Kohng_135_371,region_01,Asia
Koh_Kohng_135_372,region_01,Asia
Koh_Kohng_136_373,region_01,Asia
Koh_Kohng_136_374,region_01,Asia
Koh_Kohng_136_375,region_01,Asia
Koh_Kohng_136_376,region_01,Asia
Koh_Kohng_136_377,region_01,Asia
Koh_Kohng_137_378,region_01,Asia
Koh_Kohng_137_379,region_01,Asia
Koh_Kohng_137_380,region_01,Asia
Koh_Kohng_137_381,region_01,Asia
Koh_Kohng_137_382,region_01,Asia
Koh_Kohng_138_383,region_01,Asia
Koh_Kohng_138_384,region_01,Asia
Koh_Kohng_138_385,region_01,Asia
Koh_Kohng_138_386,region_01,Asia
Koh_Kohng_138_387,region_01,Asia
Koh_Kohng_140_394,region_01,Asia
Koh_Kohng_140_395,region_01,Asia
Koh_Kohng_141_396,region_01,Asia
Koh_Kohng_141_397,region_01,Asia
Koh_Kohng_141_398,region_01,Asia
Koh_Kohng_141_399,region_01,Asia
Koh_Kohng_141_400,region_01,Asia
Koh_Kohng_142_401,region_01,Asia
Koh_Kohng_142_402,region_01,Asia
Koh_Kohng_142_403,region_01,Asia
Koh_Kohng_142_404,region_01,Asia
Koh_Kohng_142_405,region_01,Asia
Koh_Kohng_143_406,region_01,Asia
Koh_Kohng_143_407,region_01,Asia
Koh_Kohng_143_408,region_01,Asia
Koh_Kohng_143_410,region_01,Asia
Koh_Kohng_144_411,region_01,Asia
Koh_Kohng_144_412,region_01,Asia
Koh_Kohng_144_413,region_01,Asia
Koh_Kohng_145_414,region_01,Asia
Koh_Kohng_145_416,region_01,Asia
Koh_Kohng_145_417,region_01,Asia
Koh_Kohng_146_422,region_01,Asia
Koh_Kohng_147_424,region_01,Asia
Koh_Kohng_147_425,region_01,Asia
Koh_Kohng_147_427,region_01,Asia
Koh_Kohng_148_429,region_01,Asia
Koh_Kohng_148_430,region_01,Asia
Koh_Kohng_148_431,region_01,Asia
Koh_Kohng_148_432,region_01,Asia
Koh_Kohng_148_433,region_01,Asia
Koh_Kohng_149_435,region_01,Asia
Koh_Kohng_149_436,region_01,Asia
Koh_Kohng_149_438,region_01,Asia
Koh_Kohng_150_440,region_01,Asia
Koh_Kohng_150_441,region_01,Asia
Koh_Kohng_150_442,region_01,Asia
Koh_Kohng_150_443,region_01,Asia
Koh_Kohng_151_444,region_01,Asia
Koh_Kohng_151_445,region_01,Asia
Koh_Kohng_151_446,region_01,Asia
Koh_Kohng_152_447,region_01,Asia
Koh_Kohng_152_449,region_01,Asia
Koh_Kohng_152_450,region_01,Asia
Koh_Kohng_152_451,region_01,Asia
Koh_Kohng_153_454,region_01,Asia
Koh_Kohng_154_457,region_01,Asia
Koh_Kohng_154_458,region_01,Asia
Koh_Kohng_154_459,region_01,Asia
Koh_Kohng_155_461,region_01,Asia
Koh_Kohng_155_462,region_01,Asia
Koh_Kohng_155_463,region_01,Asia
Koh_Kohng_155_464,region_01,Asia
Koh_Kohng_155_465,region_01,Asia
Koh_Kohng_156_466,region_01,Asia
Koh_Kohng_156_467,region_01,Asia
Koh_Kohng_156_468,region_01,Asia
Koh_Kohng_156_469,region_01,Asia
Koh_Kohng_156_470,region_01,Asia
Koh_Kohng_157_471,region_01,Asia
Koh_Kohng_157_472,region_01,Asia
Koh_Kohng_157_474,region_01,Asia
Koh_Kohng_158_476,region_01,Asia
Koh_Kohng_158_477,region_01,Asia
Koh_Kohng_158_478,region_01,Asia
Koh_Kohng_158_479,region_01,Asia
Krabi_River_Estuary_178_563,region_05,Asia
Krabi_River_Estuary_178_564,region_05,Asia
Krabi_River_Estuary_178_565,region_05,Asia
Krabi_River_Estuary_178_566,region_05,Asia
Krabi_River_Estuary_179_568,region_05,Asia
Krabi_River_Estuary_179_569,region_05,Asia
Krabi_River_Estuary_179_570,region_05,Asia
Krabi_River_Estuary_179_571,region_05,Asia
Krabi_River_Estuary_180_573,region_05,Asia
Krabi_River_Estuary_180_574,region_05,Asia
Krabi_River_Estuary_180_575,region_05,Asia
Krabi_River_Estuary_180_576,region_05,Asia
Krabi_River_Estuary_181_578,region_05,Asia
Krabi_River_Estuary_181_579,region_05,Asia
Krabi_River_Estuary_181_580,region_05,Asia
Krabi_River_Estuary_181_581,region_05,Asia
Krabi_River_Estuary_182_583,region_05,Asia
Krabi_River_Estuary_182_584,region_05,Asia
Krabi_River_Estuary_182_586,region_05,Asia
Krabi_River_Estuary_182_587,region_05,Asia
Krabi_River_Estuary_183_588,region_05,Asia
Krabi_River_Estuary_183_589,region_05,Asia
Krabi_River_Estuary_183_590,region_05,Asia
Krabi_River_Estuary_183_591,region_05,Asia
Krabi_River_Estuary_184_593,region_05,Asia
Krabi_River_Estuary_184_594,region_05,Asia
Krabi_River_Estuary_184_596,region_05,Asia
Krabi_River_Estuary_184_597,region_05,Asia
La Yeguada_1,region_00,N.America
La Yeguada_2,region_00,N.America
La Yeguada_3,region_00,N.America
La Yeguada_4,region_00,N.America
La_Cruz-Puerto_Parada_32_1,region_04,N.America
La_Cruz-Puerto_Parada_32_2,region_04,N.America
La_Cruz-Puerto_Parada_32_3,region_04,N.America
La_Cruz-Puerto_Parada_32_4,region_04,N.America
La_Cruz-Puerto_Parada_32_5,region_04,N.America
La_Cruz-Puerto_Parada_32_6,region_04,N.America
La_Curbinera_2_1,region_04,N.America
La_Curbinera_2_2,region_04,N.America
La_Curbinera_2_3,region_04,N.America
La_Curbinera_2_4,region_04,N.America
La_Curbinera_2_5,region_04,N.America
La_Curbinera_2_6,region_04,N.America
Las Matita_1,region_00,N.America
Las Matita_2,region_00,N.America
Las Matita_3,region_00,N.America
Las Matita_4,region_00,N.America
Las Matita_5,region_00,N.America
Las Matita_6,region_00,N.America
Las_Tijeras_30_1,region_04,N.America
Las_Tijeras_30_2,region_04,N.America
Las_Tijeras_30_3,region_04,N.America
Las_Tijeras_30_4,region_04,N.America
Las_Tijeras_30_5,region_04,N.America
Las_Tijeras_30_6,region_04,N.America
Las_Ánimas_Arriba_25_1,region_04,N.America
Las_Ánimas_Arriba_25_4,region_04,N.America
Las_Ánimas_Arriba_25_5,region_04,N.America
Las_Ánimas_Arriba_25_6,region_04,N.America
Lepanto_Camaronera_7_1,region_00,N.America
Lepanto_Camaronera_7_2,region_00,N.America
Lepanto_Camaronera_7_3,region_00,N.America
Lepanto_Camaronera_8_1,region_00,N.America
Lepanto_Camaronera_8_2,region_00,N.America
Lepanto_Camaronera_8_3,region_00,N.America
Lepanto_Manglar_13_1,region_00,N.America
Lepanto_Manglar_13_2,region_00,N.America
Lepanto_Manglar_13_3,region_00,N.America
Lepanto_Manglar_13_4,region_00,N.America
Lepanto_Manglar_13_5,region_00,N.America
Lepanto_Manglar_13_6,region_00,N.America
Limones_1,region_00,N.America
Limones_2,region_00,N.America
Limones_3,region_00,N.America
Limones_4,region_00,N.America
Limones_5,region_00,N.America
Limones_6,region_00,N.America
Los Algarrobos_1,region_00,N.America
Los Algarrobos_2,region_00,N.America
Los Algarrobos_3,region_00,N.America
Los Algarrobos_4,region_00,N.America
Los Algarrobos_5,region_00,N.America
Los Algarrobos_6,region_00,N.America
Los_Lagartos_29_1,region_04,N.America
Los_Lagartos_29_2,region_04,N.America
Los_Lagartos_29_3,region_04,N.America
Los_Lagartos_29_4,region_04,N.America
Los_Lagartos_29_5,region_04,N.America
Los_Lagartos_29_6,region_04,N.America
Los_Mapaches-El_Chile_24_1,region_04,N.America
Los_Mapaches-El_Chile_24_2,region_04,N.America
Los_Mapaches-El_Chile_24_3,region_04,N.America
Los_Mapaches-El_Chile_24_4,region_04,N.America
Los_Mapaches-El_Chile_24_5,region_04,N.America
Los_Mapaches-El_Chile_24_6,region_04,N.America
M0004,region_17,Asia
M0005,region_17,Asia
M0006,region_17,Asia
M0173,region_18,N.America
M0174,region_18,N.America
M0175,region_18,N.America
M0176,region_18,N.America
M0177,region_18,N.America
M0178,region_18,N.America
M0179,region_18,N.America
M0181,region_14,Africa
M0184,region_14,Africa
M0347,region_15,other
M0348,region_06,other
M0349,region_13,other
M0350,region_11,Oceania
M0351,region_12,Oceania
M0352,region_02,Oceania
M0353,region_02,Oceania
M0354,region_02,Oceania
M0364,region_28,Africa
M0365,region_28,Africa
M0366,region_28,Africa
M0367,region_28,Africa
M0368,region_28,Africa
M0369,region_28,Africa
M0371,region_22,Oceania
M0394,region_01,Asia
M0395,region_01,Asia
M0396,region_01,Asia
M0405,region_26,N.America
M0409,region_26,N.America
M0410,region_26,N.America
M0419,region_26,N.America
M0436,region_03,Asia
M0437,region_03,Asia
M0438,region_03,Asia
M0439,region_03,Asia
M0441,region_03,Asia
M0447,region_25,Asia
M0448,region_25,Asia
M0490,region_04,N.America
M0491,region_04,N.America
M0493,region_04,N.America
M0494,region_18,N.America
M0495,region_18,N.America
M0496,region_18,N.America
M0497,region_18,N.America
M0498,region_18,N.America
M0499,region_18,N.America
M0500,region_18,N.America
M0502,region_18,N.America
M0503,region_18,N.America
M0504,region_18,N.America
M0505,region_18,N.America
M0506,region_18,N.America
M0507,region_18,N.America
M0544,region_22,Oceania
M0545,region_22,Oceania
M0547,region_22,Oceania
M0548,region_22,Oceania
M0549,region_22,Oceania
M0550,region_22,Oceania
M0551,region_22,Oceania
M0552,region_22,Oceania
M0553,region_22,Oceania
M0554,region_22,Oceania
M0555,region_22,Oceania
M0556,region_22,Oceania
M0557,region_22,Oceania
M0560,region_22,Oceania
M0561,region_22,Oceania
M0562,region_22,Oceania
M0563,region_22,Oceania
M0564,region_22,Oceania
M0565,region_22,Oceania
M0566,region_22,Oceania
M0631,region_01,Asia
M0632,region_01,Asia
M0633,region_01,Asia
M0634,region_01,Asia
M0657,region_14,Africa
M0732,region_05,Asia
M0734,region_05,Asia
M0735,region_05,Asia
M0736,region_00,N.America
M0737,region_00,N.America
M0738,region_00,N.America
M0740,region_00,N.America
M0741,region_00,N.America
M0742,region_00,N.America
M0743,region_00,N.America
M0744,region_00,N.America
M0745,region_00,N.America
M0746,region_00,N.America
M0747,region_00,N.America
M0748,region_00,N.America
M0749,region_00,N.America
M0750,region_00,N.America
M0751,region_00,N.America
M0752,region_00,N.America
M0753,region_00,N.America
M0754,region_00,N.America
M0755,region_00,N.America
M0756,region_00,N.America
M0757,region_00,N.America
M0758,region_00,N.America
M0759,region_00,N.America
M0760,region_00,N.America
M0761,region_00,N.America
M0762,region_00,N.America
M0763,region_00,N.America
M0764,region_00,N.America
M0765,region_00,N.America
M0768,region_00,N.America
M0769,region_00,N.America
M0770,region_00,N.America
M0771,region_00,N.America
M0772,region_00,N.America
M0773,region_00,N.America
M0774,region_00,N.America
M0775,region_00,N.America
M0776,region_00,N.America
M0777,region_00,N.America
M0790,region_04,N.America
M0791,region_04,N.America
M0792,region_04,N.America
M0793,region_04,N.America
M0794,region_04,N.America
M0795,region_04,N.America
M0796,region_04,N.America
M0797,region_04,N.America
M0799,region_04,N.America
M0800,region_04,N.America
M0801,region_04,N.America
M0802,region_04,N.America
M0803,region_04,N.America
M0804,region_04,N.America
M0805,region_04,N.America
M0806,region_04,N.America
M0807,region_04,N.America
M0809,region_04,N.America
M0810,region_04,N.America
M0811,region_04,N.America
M0812,region_04,N.America
M0813,region_04,N.America
M0814,region_04,N.America
M0815,region_04,N.America
M0816,region_04,N.America
M0817,region_04,N.America
M0958,region_01,Asia
M0959,region_01,Asia
M0960,region_01,Asia
M0978,region_09,Africa
M0979,region_09,Africa
M0980,region_09,Africa
M0981,region_09,Africa
M0982,region_09,Africa
M0983,region_09,Africa
M0984,region_09,Africa
M0986,region_09,Africa
M0987,region_09,Africa
M0988,region_09,Africa
M0989,region_09,Africa
M0990,region_09,Africa
M0991,region_09,Africa
M0992,region_09,Africa
M0993,region_09,Africa
M0995,region_09,Africa
M0997,region_09,Africa
M1000,region_09,Africa
M1001,region_09,Africa
M1002,region_09,Africa
M1003,region_09,Africa
M1004,region_09,Africa
M1005,region_09,Africa
M1008,region_09,Africa
M1010,region_09,Africa
M1011,region_09,Africa
M1012,region_09,Africa
M1014,region_09,Africa
M1016,region_09,Africa
M1017,region_09,Africa
M1018,region_09,Africa
M1020,region_09,Africa
M1021,region_09,Africa
M1022,region_09,Africa
M1023,region_09,Africa
M1024,region_09,Africa
M1025,region_09,Africa
M1027,region_09,Africa
M1028,region_09,Africa
M1030,region_09,Africa
M1033,region_09,Africa
M1034,region_09,Africa
M1035,region_09,Africa
M1037,region_09,Africa
M1038,region_09,Africa
M1039,region_09,Africa
M1041,region_09,Africa
M1044,region_09,Africa
M1045,region_09,Africa
M1048,region_09,Africa
M1050,region_09,Africa
M1052,region_09,Africa
M1053,region_09,Africa
M1054,region_09,Africa
M1055,region_09,Africa
M1057,region_09,Africa
M1059,region_09,Africa
M1061,region_09,Africa
M1062,region_09,Africa
M1064,region_09,Africa
M1066,region_09,Africa
M1067,region_09,Africa
M1068,region_09,Africa
M1069,region_09,Africa
M1072,region_09,Africa
M1129,region_14,Africa
M1130,region_14,Africa
M1131,region_14,Africa
M1132,region_14,Africa
M1133,region_14,Africa
M1136,region_14,Africa
M1137,region_14,Africa
M1138,region_14,Africa
M1139,region_14,Africa
M1140,region_14,Africa
M1142,region_14,Africa
M1143,region_14,Africa
M1144,region_14,Africa
M1146,region_14,Africa
M1148,region_14,Africa
M1149,region_14,Africa
M1150,region_14,Africa
M1152,region_14,Africa
M1153,region_14,Africa
M1154,region_14,Africa
M1155,region_14,Africa
M1156,region_14,Africa
M1158,region_14,Africa
M1159,region_14,Africa
M1163,region_14,Africa
M1164,region_14,Africa
M1165,region_14,Africa
M1171,region_14,Africa
M1173,region_14,Africa
M1174,region_14,Africa
M1175,region_14,Africa
M1183,region_14,Africa
M1184,region_14,Africa
M1185,region_14,Africa
M1188,region_14,Africa
M1189,region_14,Africa
M1194,region_14,Africa
M1196,region_14,Africa
M1373,region_17,Asia
M1374,region_17,Asia
M1375,region_17,Asia
M1376,region_17,Asia
M1377,region_17,Asia
M1378,region_17,Asia
M1380,region_06,other
M1381,region_06,other
M1382,region_06,other
M1383,region_06,other
M1384,region_06,other
M1385,region_06,other
M1386,region_06,other
M1387,region_06,other
M1389,region_06,other
M1390,region_06,other
M1394,region_12,Oceania
M1395,region_12,Oceania
M1396,region_12,Oceania
M1404,region_12,Oceania
M1405,region_12,Oceania
M1407,region_12,Oceania
M1409,region_12,Oceania
M1412,region_12,Oceania
M1413,region_12,Oceania
M1414,region_12,Oceania
M1415,region_12,Oceania
M1416,region_17,Asia
M1417,region_17,Asia
M1418,region_17,Asia
M1419,region_17,Asia
M1420,region_17,Asia
M1421,region_17,Asia
M1424,region_12,Oceania
M1427,region_12,Oceania
M1429,region_12,Oceania
M1430,region_12,Oceania
M1431,region_12,Oceania
M1432,region_12,Oceania
M1435,region_11,Oceania
M1437,region_11,Oceania
M1438,region_11,Oceania
M1439,region_11,Oceania
M1440,region_11,Oceania
M1441,region_23,Asia
M1445,region_23,Asia
M1447,region_23,Asia
M1448,region_23,Asia
M1449,region_23,Asia
M1450,region_23,Asia
M1451,region_23,Asia
M1452,region_23,Asia
M1453,region_23,Asia
M1454,region_23,Asia
M1455,region_23,Asia
M1456,region_23,Asia
M1457,region_23,Asia
M1458,region_23,Asia
M1459,region_23,Asia
M1460,region_23,Asia
M1461,region_23,Asia
M1462,region_23,Asia
M1463,region_23,Asia
M1465,region_17,Asia
M1466,region_17,Asia
M1467,region_17,Asia
M1468,region_17,Asia
M1469,region_17,Asia
M1470,region_17,Asia
M1471,region_17,Asia
M1472,region_17,Asia
M1473,region_17,Asia
M1474,region_17,Asia
M1475,region_17,Asia
M1476,region_17,Asia
M1477,region_17,Asia
M1478,region_17,Asia
M1479,region_17,Asia
M1480,region_17,Asia
M1481,region_17,Asia
M1482,region_17,Asia
M1483,region_11,Oceania
M1484,region_11,Oceania
M1485,region_11,Oceania
M1486,region_11,Oceania
M1487,region_11,Oceania
M1488,region_11,Oceania
M1490,region_11,Oceania
M1491,region_11,Oceania
M1492,region_11,Oceania
M1494,region_11,Oceania
M1495,region_11,Oceania
M1496,region_11,Oceania
M1497,region_11,Oceania
M1498,region_11,Oceania
M1499,region_11,Oceania
M1500,region_11,Oceania
M1501,region_11,Oceania
M1502,region_11,Oceania
M1582,region_01,Asia
M1584,region_01,Asia
M1585,region_01,Asia
M1586,region_01,Asia
M1587,region_01,Asia
M1700,region_18,N.America
M1735,region_24,N.America
M1736,region_24,N.America
M1737,region_24,N.America
M1740,region_24,N.America
M1743,region_25,Asia
M1744,region_25,Asia
M1745,region_25,Asia
M1746,region_25,Asia
M1747,region_25,Asia
M1748,region_25,Asia
M1749,region_25,Asia
M1750,region_25,Asia
M1751,region_25,Asia
M1752,region_25,Asia
M1753,region_25,Asia
M1754,region_25,Asia
M1755,region_25,Asia
M1756,region_25,Asia
M1757,region_25,Asia
M1758,region_25,Asia
MANG_Manguinho_1_1,region_27,S.America
MANG_Manguinho_2_1,region_27,S.America
MANG_Manguinho_2_2,region_27,S.America
MANG_Manguinho_3_1,region_27,S.America
MANG_Manguinho_3_2,region_27,S.America
MANG_Manguinho_4_1,region_27,S.America
MANG_Manguinho_4_2,region_27,S.America
MANG_Manguinho_5_1,region_27,S.America
MANG_Manguinho_5_2,region_27,S.America
MANG_Manguinho_6_1,region_27,S.America
MANG_Manguinho_6_2,region_27,S.America
MAN_C_Mangizal Cauassu_1_1,region_20,S.America
MAN_C_Mangizal Cauassu_1_2,region_20,S.America
MAN_C_Mangizal Cauassu_2_1,region_20,S.America
MAN_C_Mangizal Cauassu_2_2,region_20,S.America
MAN_C_Mangizal Cauassu_3_1,region_20,S.America
MAN_C_Mangizal Cauassu_3_2,region_20,S.America
MAN_C_Mangizal Cauassu_4_1,region_20,S.America
MAN_C_Mangizal Cauassu_4_2,region_20,S.America
MAN_C_Mangizal Cauassu_5_1,region_20,S.America
MAN_C_Mangizal Cauassu_5_2,region_20,S.America
MAN_C_Mangizal Cauassu_6_1,region_20,S.America
MAN_C_Mangizal Cauassu_6_2,region_20,S.America
MAN_Mangue Sul_1_1,region_08,S.America
MAN_Mangue Sul_2_1,region_08,S.America
MAN_Mangue Sul_4_1,region_08,S.America
MAN_Mangue Sul_5_1,region_08,S.America
MAN_Mangue Sul_6_1,region_08,S.America
MAR_Marisma High_1_1,region_08,S.America
MAR_Marisma High_2_1,region_08,S.America
MAR_Marisma High_3_1,region_08,S.America
MAR_Marisma High_4_1,region_08,S.America
MAR_Marisma High_5_1,region_08,S.America
MAR_Marisma Low_1_1,region_08,S.America
MAR_Marisma Low_2_1,region_08,S.America
MAR_Marisma Low_3_1,region_08,S.America
MAR_Marisma Low_4_1,region_08,S.America
MAR_Marisma Low_5_1,region_08,S.America
MAR_Marisma Low_6_1,region_08,S.America
MAR_Marisma Medium_1_1,region_08,S.America
MAR_Marisma Medium_2_1,region_08,S.America
MAR_Marisma Medium_3_1,region_08,S.America
MAR_Marisma Medium_4_1,region_08,S.America
MAR_Marisma Medium_5_1,region_08,S.America
MAR_Marisma Medium_6_1,region_08,S.America
MAR_Maruipe_1_1,region_08,S.America
MAR_Maruipe_2_1,region_08,S.America
MAR_Maruipe_3_1,region_08,S.America
MAR_Maruipe_4_1,region_08,S.America
MAR_Maruipe_5_1,region_08,S.America
MAR_Maruipe_6_1,region_08,S.America
MOU_Mounde_1_1,region_16,Africa
MOU_Mounde_2_1,region_16,Africa
MOU_Mounde_3_1,region_16,Africa
MOU_Mounde_4_1,region_16,Africa
MOU_Mounde_5_1,region_16,Africa
MOU_Mounde_6_1,region_16,Africa
MRM8_1_1,region_03,Asia
MRM8_2_1,region_03,Asia
MRM8_3_1,region_03,Asia
MRM8_4_1,region_03,Asia
MRM8_5_1,region_03,Asia
MRM8_6_1,region_03,Asia
MRT7_1_1,region_03,Asia
MRT7_2_1,region_03,Asia
MRT7_3_1,region_03,Asia
MRT7_4_1,region_03,Asia
MRT7_5_1,region_03,Asia
MRT7_6_1,region_03,Asia
MRT9_1_1,region_03,Asia
MRT9_2_1,region_03,Asia
MRT9_3_1,region_03,Asia
MRT9_4_1,region_03,Asia
MRT9_5_1,region_03,Asia
MRT9_6_1,region_03,Asia
MWA-S_1_1,region_03,Asia
MWA-S_1_2,region_03,Asia
MWA-S_2_1,region_03,Asia
MWA-S_2_2,region_03,Asia
MWA-S_3_1,region_03,Asia
MWA-S_3_2,region_03,Asia
MWA-S_4_1,region_03,Asia
MWA-S_4_2,region_03,Asia
MWA_1_1,region_03,Asia
MWA_1_2,region_03,Asia
MWA_2_1,region_03,Asia
MWA_2_2,region_03,Asia
MWA_3_1,region_03,Asia
MWA_3_2,region_03,Asia
MWA_4_1,region_03,Asia
MWA_4_2,region_03,Asia
MWA_5_1,region_03,Asia
MWA_5_2,region_03,Asia
MWA_6_1,region_03,Asia
MWA_6_2,region_03,Asia
Montecristo_21_1,region_04,N.America
Montecristo_21_2,region_04,N.America
Montecristo_21_3,region_04,N.America
Montecristo_21_4,region_04,N.America
Montecristo_21_5,region_04,N.America
Montecristo_21_6,region_04,N.America
Montecristo_22_1,region_04,N.America
Montecristo_22_2,region_04,N.America
Montecristo_22_3,region_04,N.America
Montecristo_22_4,region_04,N.America
Montecristo_22_5,region_04,N.America
Montecristo_22_6,region_04,N.America
NCM1_1_1,region_03,Asia
NCM1_2_1,region_03,Asia
NCM1_3_1,region_03,Asia
NCM1_4_1,region_03,Asia
NCM1_5_1,region_03,Asia
NCM1_6_1,region_03,Asia
NCM4_1_1,region_03,Asia
NCM4_2_1,region_03,Asia
NCM4_3_1,region_03,Asia
NCM4_4_1,region_03,Asia
NCM4_5_1,region_03,Asia
NCM4_6_1,region_03,Asia
NCM5_1_1,region_03,Asia
NCM5_2_1,region_03,Asia
NCM5_3_1,region_03,Asia
NCM5_4_1,region_03,Asia
NCM5_5_1,region_03,Asia
NCM5_6_1,region_03,Asia
NCT2_1_1,region_03,Asia
NCT2_2_1,region_03,Asia
NCT2_3_1,region_03,Asia
NCT2_4_1,region_03,Asia
NCT2_5_1,region_03,Asia
NCT2_6_1,region_03,Asia
NCT3_1_1,region_03,Asia
NCT3_2_1,region_03,Asia
NCT3_3_1,region_03,Asia
NCT3_4_1,region_03,Asia
NCT3_5_1,region_03,Asia
NCT3_6_1,region_03,Asia
NCT6_1_1,region_03,Asia
NCT6_2_1,region_03,Asia
NCT6_3_1,region_03,Asia
NCT6_4_1,region_03,Asia
NCT6_5_1,region_03,Asia
NCT6_6_1,region_03,Asia
NDO_1_1,region_03,Asia
NDO_1_2,region_03,Asia
NDO_2_1,region_03,Asia
NDO_2_2,region_03,Asia
NDO_3_1,region_03,Asia
NDO_3_2,region_03,Asia
NDO_4_1,region_03,Asia
NDO_4_2,region_03,Asia
NDO_5_1,region_03,Asia
NDO_5_2,region_03,Asia
NDO_6_1,region_03,Asia
NDO_6_2,region_03,Asia
Níspero_Manglar_3_1,region_00,N.America
Níspero_Manglar_3_2,region_00,N.America
Níspero_Manglar_3_3,region_00,N.America
Níspero_Manglar_3_4,region_00,N.America
Níspero_Manglar_3_5,region_00,N.America
Níspero_Manglar_3_6,region_00,N.America
PAG_1_1,region_03,Asia
PAG_1_2,region_03,Asia
PAG_2_1,region_03,Asia
PAG_2_2,region_03,Asia
PAG_3_1,region_03,Asia
PAG_3_2,region_03,Asia
PAG_4_1,region_03,Asia
PAG_4_2,region_03,Asia
PAG_5_1,region_03,Asia
PAG_5_2,region_03,Asia
PAG_6_1,region_03,Asia
PAG_6_2,region_03,Asia
PO-D-4,region_00,N.America
POR_C_Porto Ceu Mangrove_2_1,region_27,S.America
POR_C_Porto Ceu Mangrove_4_1,region_27,S.America
Pak_Panang_Mangrove_185_600,region_05,Asia
Pak_Panang_Mangrove_185_601,region_05,Asia
Pak_Panang_Mangrove_185_602,region_05,Asia
Pak_Panang_Mangrove_186_603,region_05,Asia
Pak_Panang_Mangrove_186_605,region_05,Asia
Pak_Panang_Mangrove_186_606,region_05,Asia
Pak_Panang_Mangrove_186_607,region_05,Asia
Pak_Panang_Mangrove_187_609,region_05,Asia
Pak_Panang_Mangrove_187_610,region_05,Asia
Pak_Panang_Mangrove_187_611,region_05,Asia
Pak_Panang_Mangrove_187_612,region_05,Asia
Pak_Panang_Mangrove_188_613,region_05,Asia
Pak_Panang_Mangrove_188_614,region_05,Asia
Pak_Panang_Mangrove_188_615,region_05,Asia
Pak_Panang_Mangrove_188_617,region_05,Asia
Pak_Panang_Mangrove_189_618,region_05,Asia
Pak_Panang_Mangrove_189_620,region_05,Asia
Pak_Panang_Mangrove_189_621,region_05,Asia
Pak_Panang_Mangrove_189_622,region_05,Asia
Pak_Panang_Mangrove_190_623,region_05,Asia
Pak_Panang_Mangrove_190_624,region_05,Asia
Pak_Panang_Mangrove_190_626,region_05,Asia
Pak_Panang_Mangrove_190_627,region_05,Asia
Pak_Panang_Mangrove_191_628,region_05,Asia
Pak_Panang_Mangrove_191_629,region_05,Asia
Pak_Panang_Mangrove_191_631,region_05,Asia
Pak_Panang_Mangrove_192_634,region_05,Asia
Pak_Panang_Mangrove_192_635,region_05,Asia
Pak_Panang_Mangrove_192_636,region_05,Asia
Pak_Panang_Mangrove_192_637,region_05,Asia
Pak_Panang_Mangrove_193_638,region_05,Asia
Pak_Panang_Mangrove_193_639,region_05,Asia
Pak_Panang_Mangrove_193_641,region_05,Asia
Pak_Panang_Mangrove_193_642,region_05,Asia
Pak_Panang_Mangrove_194_643,region_05,Asia
Pak_Panang_Mangrove_194_644,region_05,Asia
Pak_Panang_Mangrove_194_645,region_05,Asia
Pak_Panang_Mangrove_194_646,region_05,Asia
Palian_River_Estuary_195_648,region_05,Asia
Palian_River_Estuary_195_649,region_05,Asia
Palian_River_Estuary_195_650,region_05,Asia
Palian_River_Estuary_195_651,region_05,Asia
Palian_River_Estuary_196_652,region_05,Asia
Palian_River_Estuary_196_653,region_05,Asia
Palian_River_Estuary_196_654,region_05,Asia
Palian_River_Estuary_197_655,region_05,Asia
Palian_River_Estuary_197_656,region_05,Asia
Palian_River_Estuary_198_658,region_05,Asia
Palian_River_Estuary_198_659,region_05,Asia
Palian_River_Estuary_198_660,region_05,Asia
Palian_River_Estuary_198_661,region_05,Asia
Palian_River_Estuary_199_663,region_05,Asia
Palian_River_Estuary_199_664,region_05,Asia
Palian_River_Estuary_199_665,region_05,Asia
Palian_River_Estuary_200_667,region_05,Asia
Palian_River_Estuary_200_668,region_05,Asia
Palian_River_Estuary_200_669,region_05,Asia
Palian_River_Estuary_200_670,region_05,Asia
Palian_River_Estuary_201_671,region_05,Asia
Palian_River_Estuary_201_672,region_05,Asia
Palian_River_Estuary_201_673,region_05,Asia
Palian_River_Estuary_201_674,region_05,Asia
Palian_River_Estuary_201_675,region_05,Asia
Palian_River_Estuary_201_676,region_05,Asia
Palian_River_Estuary_202_677,region_05,Asia
Palian_River_Estuary_202_678,region_05,Asia
Palian_River_Estuary_202_679,region_05,Asia
Palian_River_Estuary_202_680,region_05,Asia
Palian_River_Estuary_203_681,region_05,Asia
Palian_River_Estuary_203_682,region_05,Asia
Palian_River_Estuary_203_683,region_05,Asia
Palian_River_Estuary_203_684,region_05,Asia
Palian_River_Estuary_204_685,region_05,Asia
Palian_River_Estuary_204_686,region_05,Asia
Palian_River_Estuary_204_687,region_05,Asia
Palian_River_Estuary_204_688,region_05,Asia
Palian_River_Estuary_204_689,region_05,Asia
Palian_River_Estuary_204_690,region_05,Asia
Palian_River_Estuary_205_691,region_05,Asia
Palian_River_Estuary_205_692,region_05,Asia
Palian_River_Estuary_205_693,region_05,Asia
Palian_River_Estuary_205_694,region_05,Asia
Palian_River_Estuary_205_695,region_05,Asia
Palian_River_Estuary_205_696,region_05,Asia
Palian_River_Estuary_206_697,region_05,Asia
Palian_River_Estuary_206_698,region_05,Asia
Palian_River_Estuary_206_699,region_05,Asia
Palian_River_Estuary_206_700,region_05,Asia
Palian_River_Estuary_206_701,region_05,Asia
Palian_River_Estuary_206_702,region_05,Asia
Palian_River_Estuary_207_703,region_05,Asia
Palian_River_Estuary_207_704,region_05,Asia
Palian_River_Estuary_207_705,region_05,Asia
PanamaCaribbean-A-1,region_00,N.America
PanamaCaribbean-A-2,region_00,N.America
PanamaCaribbean-BA-4,region_00,N.America
PanamaCaribbean-Bocas Town (BT)-1,region_00,N.America
PanamaCaribbean-Bocas Town (BT)-2,region_00,N.America
PanamaCaribbean-E-1,region_00,N.America
PanamaCaribbean-E-2,region_00,N.America
PanamaCaribbean-G-1,region_00,N.America
PanamaCaribbean-G-2,region_00,N.America
PanamaCaribbean-Ga-2,region_00,N.America
PanamaCaribbean-H-7,region_00,N.America
PanamaCaribbean-Station Forest (SF)-2,region_00,N.America
PanamaCaribbean-Station Forest (SF)-3,region_00,N.America
PanamaCaribbean-Station Forest South (SFS)-2,region_00,N.America
PanamaPacific-LP I-2,region_00,N.America
PanamaPacific-LP V-2,region_00,N.America
PanamaPacific-VE I-1,region_00,N.America
PanamaPacific-VE II-1,region_00,N.America
PanamaPacific-VE LI-1,region_00,N.America
PanamaPacific-VE V-1,region_00,N.America
PanamaPacific-VE VII-1,region_00,N.America
Paquera_Manglar_14_1,region_00,N.America
Paquera_Manglar_14_2,region_00,N.America
Paquera_Manglar_14_3,region_00,N.America
Paquera_Manglar_14_4,region_00,N.America
Paquera_Manglar_14_5,region_00,N.America
Paquera_Manglar_14_6,region_00,N.America
Payne's Creek_2_1_mangrove,region_18,N.America
Peace_3SW,region_24,N.America
Piedra_Marcada_20_1,region_04,N.America
Piedra_Marcada_20_2,region_04,N.America
Piedra_Marcada_20_3,region_04,N.America
Piedra_Marcada_20_4,region_04,N.America
Piedra_Marcada_20_5,region_04,N.America
Piedra_Marcada_20_6,region_04,N.America
Prey_Nob_159_481,region_01,Asia
Prey_Nob_159_482,region_01,Asia
Prey_Nob_159_483,region_01,Asia
Prey_Nob_159_484,region_01,Asia
Prey_Nob_160_485,region_01,Asia
Prey_Nob_160_486,region_01,Asia
Prey_Nob_160_487,region_01,Asia
Prey_Nob_160_488,region_01,Asia
Prey_Nob_161_490,region_01,Asia
Prey_Nob_161_491,region_01,Asia
Prey_Nob_161_492,region_01,Asia
Prey_Nob_161_493,region_01,Asia
Prey_Nob_161_494,region_01,Asia
Prey_Nob_162_495,region_01,Asia
Prey_Nob_162_496,region_01,Asia
Prey_Nob_162_497,region_01,Asia
Prey_Nob_163_498,region_01,Asia
Prey_Nob_163_499,region_01,Asia
Prey_Nob_163_500,region_01,Asia
Prey_Nob_163_501,region_01,Asia
Prey_Nob_163_502,region_01,Asia
Prey_Nob_164_503,region_01,Asia
Prey_Nob_164_504,region_01,Asia
Prey_Nob_164_505,region_01,Asia
Prey_Nob_165_506,region_01,Asia
Prey_Nob_165_507,region_01,Asia
Punta_de_La_Barrita_13_3,region_04,N.America
Punta_de_La_Barrita_13_6,region_04,N.America
Puntarenas_Manglar_6_1,region_00,N.America
Puntarenas_Manglar_6_2,region_00,N.America
Puntarenas_Manglar_6_3,region_00,N.America
Puntarenas_Manglar_6_4,region_00,N.America
Puntarenas_Manglar_6_5,region_00,N.America
Puntarenas_Manglar_6_6,region_00,N.America
Puntarenas_Manglar_7_1,region_00,N.America
Puntarenas_Manglar_7_2,region_00,N.America
Puntarenas_Manglar_7_3,region_00,N.America
Puntarenas_Manglar_7_4,region_00,N.America
Puntarenas_Manglar_7_5,region_00,N.America
Puntarenas_Manglar_7_6,region_00,N.America
Ras_al_Kaimah_mangrove_2,region_10,Africa
Ras_al_Kaimah_mangrove_3,region_10,Africa
Ras_al_Kaimah_mangrove_4,region_10,Africa
Ras_al_Kaimah_mangrove_6,region_10,Africa
Resbaloso_1,region_00,N.America
Resbaloso_2,region_00,N.America
Resbaloso_3,region_00,N.America
Resbaloso_4,region_00,N.America
Resbaloso_5,region_00,N.America
Resbaloso_6,region_00,N.America
Rincón_Grande_25_1,region_04,N.America
Rincón_Grande_25_2,region_04,N.America
Rincón_Grande_25_3,region_04,N.America
Rincón_Grande_25_4,region_04,N.America
Rincón_Grande_25_5,region_04,N.America
Rincón_Grande_25_6,region_04,N.America
Rufiji_River_Delta_1,region_07,Africa
Rufiji_River_Delta_10,region_07,Africa
Rufiji_River_Delta_10_10,region_07,Africa
Rufiji_River_Delta_11,region_07,Africa
Rufiji_River_Delta_11_11,region_07,Africa
Rufiji_River_Delta_12,region_07,Africa
Rufiji_River_Delta_12_12,region_07,Africa
Rufiji_River_Delta_13,region_07,Africa
Rufiji_River_Delta_13_13,region_07,Africa
Rufiji_River_Delta_14,region_07,Africa
Rufiji_River_Delta_14_14,region_07,Africa
Rufiji_River_Delta_15,region_07,Africa
Rufiji_River_Delta_15_15,region_07,Africa
Rufiji_River_Delta_16,region_07,Africa
Rufiji_River_Delta_16_16,region_07,Africa
Rufiji_River_Delta_17,region_07,Africa
Rufiji_River_Delta_17_17,region_07,Africa
Rufiji_River_Delta_18,region_07,Africa
Rufiji_River_Delta_18_18,region_07,Africa
Rufiji_River_Delta_19,region_07,Africa
Rufiji_River_Delta_19_19,region_07,Africa
Rufiji_River_Delta_1_1,region_07,Africa
Rufiji_River_Delta_2,region_07,Africa
Rufiji_River_Delta_20,region_07,Africa
Rufiji_River_Delta_20_20,region_07,Africa
Rufiji_River_Delta_21,region_07,Africa
Rufiji_River_Delta_21_21,region_07,Africa
Rufiji_River_Delta_22,region_07,Africa
Rufiji_River_Delta_22_22,region_07,Africa
Rufiji_River_Delta_24,region_07,Africa
Rufiji_River_Delta_24_24,region_07,Africa
Rufiji_River_Delta_25,region_07,Africa
Rufiji_River_Delta_25_25,region_07,Africa
Rufiji_River_Delta_26,region_07,Africa
Rufiji_River_Delta_26_26,region_07,Africa
Rufiji_River_Delta_27,region_07,Africa
Rufiji_River_Delta_27_27,region_07,Africa
Rufiji_River_Delta_28,region_07,Africa
Rufiji_River_Delta_28_28,region_07,Africa
Rufiji_River_Delta_29,region_07,Africa
Rufiji_River_Delta_29_29,region_07,Africa
Rufiji_River_Delta_2_2,region_07,Africa
Rufiji_River_Delta_3,region_07,Africa
Rufiji_River_Delta_30,region_07,Africa
Rufiji_River_Delta_30_30,region_07,Africa
Rufiji_River_Delta_31,region_07,Africa
Rufiji_River_Delta_31_31,region_07,Africa
Rufiji_River_Delta_32,region_07,Africa
Rufiji_River_Delta_32_32,region_07,Africa
Rufiji_River_Delta_33,region_07,Africa
Rufiji_River_Delta_33_33,region_07,Africa
Rufiji_River_Delta_34,region_07,Africa
Rufiji_River_Delta_34_34,region_07,Africa
Rufiji_River_Delta_35,region_07,Africa
Rufiji_River_Delta_35_35,region_07,Africa
Rufiji_River_Delta_36,region_07,Africa
Rufiji_River_Delta_36_36,region_07,Africa
Rufiji_River_Delta_37,region_07,Africa
Rufiji_River_Delta_37_37,region_07,Africa
Rufiji_River_Delta_38,region_07,Africa
Rufiji_River_Delta_38_38,region_07,Africa
Rufiji_River_Delta_39,region_07,Africa
Rufiji_River_Delta_39_39,region_07,Africa
Rufiji_River_Delta_3_3,region_07,Africa
Rufiji_River_Delta_4,region_07,Africa
Rufiji_River_Delta_40,region_07,Africa
Rufiji_River_Delta_40_40,region_07,Africa
Rufiji_River_Delta_41,region_07,Africa
Rufiji_River_Delta_41_41,region_07,Africa
Rufiji_River_Delta_42,region_07,Africa
Rufiji_River_Delta_42_42,region_07,Africa
Rufiji_River_Delta_43,region_07,Africa
Rufiji_River_Delta_43_43,region_07,Africa
Rufiji_River_Delta_44,region_07,Africa
Rufiji_River_Delta_44_44,region_07,Africa
Rufiji_River_Delta_45,region_07,Africa
Rufiji_River_Delta_45_45,region_07,Africa
Rufiji_River_Delta_46,region_07,Africa
Rufiji_River_Delta_46_46,region_07,Africa
Rufiji_River_Delta_47,region_07,Africa
Rufiji_River_Delta_47_47,region_07,Africa
Rufiji_River_Delta_48,region_07,Africa
Rufiji_River_Delta_48_48,region_07,Africa
Rufiji_River_Delta_49,region_07,Africa
Rufiji_River_Delta_49_49,region_07,Africa
Rufiji_River_Delta_4_4,region_07,Africa
Rufiji_River_Delta_5,region_07,Africa
Rufiji_River_Delta_5_5,region_07,Africa
Rufiji_River_Delta_6,region_07,Africa
Rufiji_River_Delta_6_6,region_07,Africa
Rufiji_River_Delta_7,region_07,Africa
Rufiji_River_Delta_7_7,region_07,Africa
Rufiji_River_Delta_8,region_07,Africa
Rufiji_River_Delta_8_8,region_07,Africa
Rufiji_River_Delta_9,region_07,Africa
Rufiji_River_Delta_9_9,region_07,Africa
SAL_Salino_1_1,region_08,S.America
SAL_Salino_2_1,region_08,S.America
SAL_Salino_3_1,region_08,S.America
SAL_Salino_4_1,region_08,S.America
SAL_Salino_5_1,region_08,S.America
SAL_Salino_6_1,region_08,S.America
SAN_Sang_1_1,region_16,Africa
SAN_Sang_2_1,region_16,Africa
SAN_Sang_3_1,region_16,Africa
SAN_Sang_4_1,region_16,Africa
SAN_Sang_5_1,region_16,Africa
SAN_Sang_6_1,region_16,Africa
SEM_Sembilang 1_1_1,region_15,other
SEM_Sembilang 1_2_1,region_15,other
SEM_Sembilang 1_3_1,region_15,other
SEM_Sembilang 1_4_1,region_15,other
SEM_Sembilang 1_5_1,region_15,other
SEM_Sembilang 1_6_1,region_15,other
SEM_Sembilang 2_1_1,region_15,other
SEM_Sembilang 2_2_1,region_15,other
SEM_Sembilang 2_3_1,region_15,other
SEM_Sembilang 2_4_1,region_15,other
SEM_Sembilang 2_5_1,region_15,other
SEM_Sembilang 2_6_1,region_15,other
SEM_Sembilang 3_1_1,region_15,other
SEM_Sembilang 3_2_1,region_15,other
SEM_Sembilang 3_3_1,region_15,other
SEM_Sembilang 3_4_1,region_15,other
SEM_Sembilang 3_5_1,region_15,other
SEM_Sembilang 3_6_1,region_15,other
SEM_Sembilang 4_1_1,region_15,other
SEM_Sembilang 4_2_1,region_15,other
SEM_Sembilang 4_3_1,region_15,other
SEM_Sembilang 4_4_1,region_15,other
SEM_Sembilang 4_5_1,region_15,other
SEM_Sembilang 4_6_1,region_15,other
SEM_Sembilang 5_1_1,region_15,other
SEM_Sembilang 5_2_1,region_15,other
SEM_Sembilang 5_3_1,region_15,other
SEM_Sembilang 5_4_1,region_15,other
SEM_Sembilang 5_5_1,region_15,other
SEM_Sembilang 5_6_1,region_15,other
SEM_Sembilang 6_1_1,region_15,other
SEM_Sembilang 6_2_1,region_15,other
SEM_Sembilang 6_3_1,region_15,other
SEM_Sembilang 6_4_1,region_15,other
SEM_Sembilang 6_5_1,region_15,other
SEM_Sembilang 6_6_1,region_15,other
SIM-D_1_1,region_03,Asia
SIM-D_1_2,region_03,Asia
SIM-D_2_1,region_03,Asia
SIM-D_2_2,region_03,Asia
SIM-D_3_1,region_03,Asia
SIM-D_3_2,region_03,Asia
SIM-D_4_1,region_03,Asia
SIM-D_4_2,region_03,Asia
SIM-D_5_1,region_03,Asia
SIM-D_5_2,region_03,Asia
SIM-D_6_1,region_03,Asia
SIM-D_6_2,region_03,Asia
SIM_1_1,region_03,Asia
SIM_1_2,region_03,Asia
SIM_2_1,region_03,Asia
SIM_2_2,region_03,Asia
SIM_3_1,region_03,Asia
SIM_3_2,region_03,Asia
SIM_4_1,region_03,Asia
SIM_4_2,region_03,Asia
SIM_5_1,region_03,Asia
SIM_5_2,region_03,Asia
SIM_6_1,region_03,Asia
SIM_6_2,region_03,Asia
SOL-D-5,region_00,N.America
SOL-F-1,region_00,N.America
SOU-D_1_1,region_03,Asia
SOU-D_1_2,region_03,Asia
SOU-D_2_1,region_03,Asia
SOU-D_2_2,region_03,Asia
SOU-D_3_1,region_03,Asia
SOU-D_3_2,region_03,Asia
SOU-D_4_1,region_03,Asia
SOU-D_4_2,region_03,Asia
SOU-D_5_1,region_03,Asia
SOU-D_5_2,region_03,Asia
SOU-D_6_1,region_03,Asia
SOU-D_6_2,region_03,Asia
SOU_1_1,region_03,Asia
SOU_1_2,region_03,Asia
SOU_2_1,region_03,Asia
SOU_2_2,region_03,Asia
SOU_3_1,region_03,Asia
SOU_3_2,region_03,Asia
SOU_4_1,region_03,Asia
SOU_4_2,region_03,Asia
SOU_5_1,region_03,Asia
SOU_5_2,region_03,Asia
SOU_6_1,region_03,Asia
SOU_6_2,region_03,Asia
Salaam_mangrove_1,region_10,Africa
Salaam_mangrove_2,region_10,Africa
Salaam_mangrove_3,region_10,Africa
Salaam_mangrove_4,region_10,Africa
Salaam_mangrove_5,region_10,Africa
Salaam_mangrove_6,region_10,Africa
Samuria_19_1,region_04,N.America
Samuria_19_2,region_04,N.America
Samuria_19_3,region_04,N.America
Samuria_19_4,region_04,N.America
Samuria_19_5,region_04,N.America
Samuria_19_6,region_04,N.America
San_Antonio_Los_Blancos_12_1,region_04,N.America
Santo_Domingo_5_1,region_04,N.America
Santo_Domingo_5_2,region_04,N.America
Santo_Domingo_5_3,region_04,N.America
Santo_Domingo_5_4,region_04,N.America
Santo_Domingo_5_5,region_04,N.America
Santo_Domingo_5_6,region_04,N.America
Shipstern Lagoon_1_1_mangrove,region_18,N.America
Shipstern Lagoon_1_2_mangrove,region_18,N.America
T2 P3-4,region_00,N.America
T4 P1-5,region_00,N.America
TAM_05NE,region_24,N.America
TAM_05SW,region_24,N.America
TAM_13NE,region_24,N.America
TAM_14SW,region_24,N.America
TAN_Tanjung Putting 1_1_1,region_11,Oceania
TAN_Tanjung Putting 1_2_1,region_11,Oceania
TAN_Tanjung Putting 1_3_1,region_11,Oceania
TAN_Tanjung Putting 1_4_1,region_11,Oceania
TAN_Tanjung Putting 1_5_1,region_11,Oceania
TAN_Tanjung Putting 1_6_1,region_11,Oceania
TAN_Tanjung Putting 2_1_1,region_11,Oceania
TAN_Tanjung Putting 2_2_1,region_11,Oceania
TAN_Tanjung Putting 2_3_1,region_11,Oceania
TAN_Tanjung Putting 2_4_1,region_11,Oceania
TAN_Tanjung Putting 2_5_1,region_11,Oceania
TAN_Tanjung Putting 2_6_1,region_11,Oceania
TAN_Tanjung Putting 3_1_1,region_11,Oceania
TAN_Tanjung Putting 3_2_1,region_11,Oceania
TAN_Tanjung Putting 3_3_1,region_11,Oceania
TAN_Tanjung Putting 3_4_1,region_11,Oceania
TAN_Tanjung Putting 3_5_1,region_11,Oceania
TAN_Tanjung Putting 3_6_1,region_11,Oceania
TAN_Tanjung Putting 4_1_1,region_11,Oceania
TAN_Tanjung Putting 4_2_1,region_11,Oceania
TAN_Tanjung Putting 4_3_1,region_11,Oceania
TAN_Tanjung Putting 4_4_1,region_11,Oceania
TAN_Tanjung Putting 4_5_1,region_11,Oceania
TAN_Tanjung Putting 4_6_1,region_11,Oceania
TAN_Tanjung Putting 5_1_1,region_11,Oceania
TAN_Tanjung Putting 5_2_1,region_11,Oceania
TAN_Tanjung Putting 5_3_1,region_11,Oceania
TAN_Tanjung Putting 5_4_1,region_11,Oceania
TAN_Tanjung Putting 5_5_1,region_11,Oceania
TAN_Tanjung Putting 5_6_1,region_11,Oceania
TEM_Teminabuan 5_1_1,region_02,Oceania
TEM_Teminabuan 5_2_1,region_02,Oceania
TEM_Teminabuan 5_3_1,region_02,Oceania
TEM_Teminabuan 5_4_1,region_02,Oceania
TEM_Teminabuan 5_6_1,region_02,Oceania
TEM_Teminabuan 6_1_1,region_02,Oceania
TEM_Teminabuan 6_2_1,region_02,Oceania
TEM_Teminabuan 6_3_1,region_02,Oceania
TEM_Teminabuan 6_4_1,region_02,Oceania
TEM_Teminabuan 6_5_1,region_02,Oceania
TEM_Teminabuan 6_6_1,region_02,Oceania
TEM_Teminabuan 7_1_1,region_02,Oceania
TEM_Teminabuan 7_2_1,region_02,Oceania
TEM_Teminabuan 7_3_1,region_02,Oceania
TEM_Teminabuan 7_4_1,region_02,Oceania
TEM_Teminabuan 7_5_1,region_02,Oceania
TEM_Teminabuan 7_6_1,region_02,Oceania
TEM_Teminabuan 8_1_1,region_02,Oceania
TEM_Teminabuan 8_2_1,region_02,Oceania
TEM_Teminabuan 8_3_1,region_02,Oceania
TEM_Teminabuan 8_4_1,region_02,Oceania
TEM_Teminabuan 8_5_1,region_02,Oceania
TEM_Teminabuan 8_6_1,region_02,Oceania
TIM_AP4_1_1,region_06,Oceania
TIM_AP4_2_1,region_06,Oceania
TIM_AP4_3_1,region_06,Oceania
TIM_MF1_1_1_1,region_06,Oceania
TIM_MF1_1_2_1,region_06,Oceania
TIM_MF1_1_3_1,region_06,Oceania
TIM_MF1_1_5_1,region_06,Oceania
TIM_MF1_1_6_1,region_06,Oceania
TIM_MF1_2_1_1,region_06,Oceania
TIM_MF1_2_2_1,region_06,Oceania
TIM_MF1_2_4_1,region_06,Oceania
TIM_MF1_2_5_1,region_06,Oceania
TIM_MF1_2_6_1,region_06,Oceania
TIM_MF1_3_1_1,region_06,Oceania
TIM_MF1_3_2_1,region_06,Oceania
TIM_MF1_3_3_1,region_06,Oceania
TIM_MF1_3_4_1,region_06,Oceania
TIM_MF1_3_6_1,region_06,Oceania
TIM_MF4_1_2_1,region_06,Oceania
TIM_MF4_1_3_1,region_06,Oceania
TIM_MF4_1_4_1,region_06,Oceania
TIM_MF4_1_6_1,region_06,Oceania
TIM_MF4_2_1_1,region_06,Oceania
TIM_MF4_2_2_1,region_06,Oceania
TIM_MF4_2_3_1,region_06,Oceania
TIM_MF4_2_4_1,region_06,Oceania
TIM_MF4_2_5_1,region_06,Oceania
TIM_MF4_2_6_1,region_06,Oceania
TIM_MF4_3_1_1,region_06,Oceania
TIM_MF4_3_4_1,region_06,Oceania
TIM_MF4_3_5_1,region_06,Oceania
TIM_MF4_3_6_1,region_06,Oceania
TIM_PP0_1_1,region_06,Oceania
TIM_PP0_2_1,region_06,Oceania
TIM_PP0_3_1,region_06,Oceania
TIM_Timika 5_1_1,region_06,Oceania
TIM_Timika 5_2_1,region_06,Oceania
TIM_Timika 5_3_1,region_06,Oceania
TIM_Timika 5_4_1,region_06,Oceania
TIM_Timika 5_5_1,region_06,Oceania
TIM_Timika 5_6_1,region_06,Oceania
TIM_Timika 6_1_1,region_06,Oceania
TIM_Timika 6_2_1,region_06,Oceania
TIM_Timika 6_3_1,region_06,Oceania
TIM_Timika 6_4_1,region_06,Oceania
TIM_Timika 6_5_1,region_06,Oceania
TIM_Timika 6_6_1,region_06,Oceania
TIM_Timika 7_1_1,region_06,Oceania
TIM_Timika 7_2_1,region_06,Oceania
TIM_Timika 7_3_1,region_06,Oceania
TIM_Timika 7_4_1,region_06,Oceania
TIM_Timika 7_5_1,region_06,Oceania
TIM_Timika 7_6_1,region_06,Oceania
TIM_Timika 8_1_1,region_06,Oceania
TIM_Timika 8_2_1,region_06,Oceania
TIM_Timika 8_3_1,region_06,Oceania
TIM_Timika 8_4_1,region_06,Oceania
TIM_Timika 8_5_1,region_06,Oceania
TIM_Timika 8_6_1,region_06,Oceania
Thiel_Manglar_10_1,region_00,N.America
Thiel_Manglar_10_2,region_00,N.America
Thiel_Manglar_10_3,region_00,N.America
Thiel_Manglar_10_4,region_00,N.America
Thiel_Manglar_10_5,region_00,N.America
Thiel_Manglar_10_6,region_00,N.America
Thiel_Manglar_11_1,region_00,N.America
Thiel_Manglar_11_2,region_00,N.America
Thiel_Manglar_11_3,region_00,N.America
Thiel_Manglar_11_4,region_00,N.America
Thiel_Manglar_11_5,region_00,N.America
Thiel_Manglar_11_6,region_00,N.America
UFU1,region_24,N.America
Umm_al_Quwain_mangrove_4,region_10,Africa
